﻿<?xml version="1.0" encoding="utf-8"?>
<deployment>
  <id>d8b8020756c2c04471431c7cc9d5e3eb6f697c211758710210041</id>
  <author>GraKuba</author>
  <deployer>GitHub</deployer>
  <authorEmail />
  <message>{"type":"Deployment","sha":"d8b8020756c2c04471431c7cc9d5e3eb6f697c21","repoName":"GraKuba/zela-website-prod","actor":"GraKuba","slotName":"production"}</message>
  <progress />
  <status>Success</status>
  <statusText />
  <lastSuccessEndTime>2025-09-24T10:37:34.6993028Z</lastSuccessEndTime>
  <receivedTime>2025-09-24T10:37:34.6993028Z</receivedTime>
  <startTime>2025-09-24T10:37:34.6993028Z</startTime>
  <endTime>2025-09-24T10:37:34.6993028Z</endTime>
  <complete>True</complete>
  <is_temp>False</is_temp>
  <is_readonly>True</is_readonly>
  <buildSummary />
</deployment>