<step title="Incoming Request" date="2025-09-24T09:47:30.809" instance="eaaec8" url="/api/deployments/latest?deployer=OneDeploy&amp;time=2025-09-24_09-46-13Z" method="GET" type="request" pid="772,1,65" Host="app-zela-prod-bydye9czddhwgff2.scm.southafricanorth-01.azurewebsites.net" User-Agent="GITHUBACTIONS_DeployWebAppToAzure_b349df2cf252516c192149013447267a50b64d198cd5a05886d9cafdccf49604" Authorization="Bea..." Content-Type="application/json; charset=utf-8" Cookie="ARRAffinity=eaaec8baa01d5d22861a8f14a5883a5d77076ffd99485929fc98270ce7410f16;Path=/;HttpOnly;Secure;Domain=app-zela-prod-bydye9czddhwgff2.scm.southafricanorth-01.azurewebsites.net; ARRAffinitySameSite=eaaec8baa01d5d22861a8f14a5883a5d77076ffd99485929fc98270ce7410f16;Path=/;HttpOnly;SameSite=None;Secure;Domain=app-zela-prod-bydye9czddhwgff2.scm.southafricanorth-01.azurewebsites.net" Content-Length="0" X-ARR-LOG-ID="2378813f-efd0-470d-89ba-91ae35053459" CLIENT-IP="4.246.135.3:49176" X-SITE-DEPLOYMENT-ID="app-zela-prod" WAS-DEFAULT-HOSTNAME="app-zela-prod-bydye9czddhwgff2.scm.southafricanorth-01.azurewebsites.net" X-Forwarded-Proto="https" X-AppService-Proto="https" X-Forwarded-TlsVersion="1.3" X-WAWS-Unencoded-URL="/api/deployments/latest?deployer=OneDeploy&amp;time=2025-09-24_09-46-13Z" X-Client-IP="4.246.135.3" X-Client-Port="49176" >
  <step title="Cleanup Xml Logs" date="2025-09-24T09:47:30.812" >
    <step title="Cleanup Infos" date="2025-09-24T09:47:30.849" totalFiles="326" totalCleanup="166" /><!-- duration: 9ms -->
  </step><!-- duration: 56ms -->
  <step title="DeploymentService.GetResult" date="2025-09-24T09:47:30.918" >
    <step title="DeploymentService.GetLatestDeployment" date="2025-09-24T09:47:30.928" >
      <step title="DeploymentManager.GetResults" date="2025-09-24T09:47:30.995" /><!-- duration: 868ms -->
    </step><!-- duration: 981ms -->
  </step><!-- duration: 993ms -->
  <step title="Outgoing response" date="2025-09-24T09:47:31.929" type="response" statusCode="202" statusText="Accepted" /><!-- duration: 29ms -->
</step><!-- duration: 1161ms -->
