<step title="BackgroundTrace" date="2025-09-23T19:53:18.802" instance="eaaec8" url="/api/publish" method="POST" >
  <step title="Cleanup Xml Logs" date="2025-09-23T19:53:18.805" /><!-- duration: 31ms -->
  <step title="Creating temporary deployment - FetchDeploymentManager" date="2025-09-23T19:53:18.924" /><!-- duration: 2ms -->
  <step title="Creating temporary deployment" date="2025-09-23T19:53:18.931" /><!-- duration: 270ms -->
  <step title="Performing fetch based deployment" date="2025-09-23T19:53:19.243" >
    <step title="Cleaning up temp folders from previous zip deployments and extracting pushed zip file /tmp/zipdeploy/7f428140-2cc5-4a2b-b7d6-36ee39142de1.zip (89.87 MB) to /tmp/zipdeploy/extracted" date="2025-09-23T19:53:20.420" >
      <step title="ChmodRecursive Process exited with total time taken in ms: 249" date="2025-09-23T19:53:58.581" /><!-- duration: 11ms -->
    </step><!-- duration: 38247ms -->
    <step title="Deployment timer started" date="2025-09-23T19:54:00.739" >
      <step title="DeploymentManager.Deploy(id:6bf01973-81fb-4e3e-b449-804af7468948)" date="2025-09-23T19:54:00.773" >
        <step title="Collecting changeset information" date="2025-09-23T19:54:00.815" /><!-- duration: 115ms -->
        <step title="Updating submodules" date="2025-09-23T19:54:00.937" /><!-- duration: 1200ms -->
        <step title="Determining deployment builder" date="2025-09-23T19:54:02.700" >
          <step title="Builder is OryxBuilder" date="2025-09-23T19:54:02.780" /><!-- duration: 20ms -->
        </step><!-- duration: 137ms -->
        <step title="PreDeployment: context.CleanOutputPath False" date="2025-09-23T19:54:03.020" >
          <step title="PreDeployment: context.OutputPath /home/site/wwwroot" date="2025-09-23T19:54:03.237" >
            <step title="Building" date="2025-09-23T19:54:03.510" >
              <step title="Executing external process" date="2025-09-23T19:54:04.191" type="process" path="bash" arguments="-c &quot;oryx build /tmp/zipdeploy/extracted -o /home/site/wwwroot --platform python --platform-version 3.10 -p virtualenv_name=antenv --log-file /tmp/build-debug.log  -i /tmp/8ddfadaf222c47e --compress-destination-dir | tee /tmp/oryx-build.log ; exit $PIPESTATUS &quot;" 