<step title="Incoming Request" date="2025-09-23T21:57:32.599" instance="eaaec8" url="/api/publish?async=true&amp;deployer=GITHUB_ONE_DEPLOY&amp;type=zip&amp;message=%7B%22type%22%3A%22deployment%22%2C%22sha%22%3A%221510182fbaf0b9d97306a8fc3cf526d45b716a50%22%2C%22repoName%22%3A%22GraKuba%2Fzela-website-prod%22%2C%22actor%22%3A%22GraKuba%22%2C%22slotName%22%3A%22Production%22%2C%22commitMessage%22%3A%22Force%20refresh%22%7D" method="POST" type="request" pid="772,1,25" Host="app-zela-prod-bydye9czddhwgff2.scm.southafricanorth-01.azurewebsites.net" User-Agent="GITHUBACTIONS_DeployWebAppToAzure_b349df2cf252516c192149013447267a50b64d198cd5a05886d9cafdccf49604" Authorization="Bea..." Content-Type="application/octet-stream" Cookie="ARRAffinity=eaaec8baa01d5d22861a8f14a5883a5d77076ffd99485929fc98270ce7410f16;Path=/;HttpOnly;Secure;Domain=app-zela-prod-bydye9czddhwgff2.scm.southafricanorth-01.azurewebsites.net; ARRAffinitySameSite=eaaec8baa01d5d22861a8f14a5883a5d77076ffd99485929fc98270ce7410f16;Path=/;HttpOnly;SameSite=None;Secure;Domain=app-zela-prod-bydye9czddhwgff2.scm.southafricanorth-01.azurewebsites.net" Transfer-Encoding="chunked" X-ARR-LOG-ID="cf9db4b7-8422-4c5b-8853-3962837b64c7" CLIENT-IP="172.182.209.56:54336" X-SITE-DEPLOYMENT-ID="app-zela-prod" WAS-DEFAULT-HOSTNAME="app-zela-prod-bydye9czddhwgff2.scm.southafricanorth-01.azurewebsites.net" X-Forwarded-Proto="https" X-AppService-Proto="https" X-Forwarded-TlsVersion="1.3" X-WAWS-Unencoded-URL="/api/publish?async=true&amp;deployer=GITHUB_ONE_DEPLOY&amp;type=zip&amp;message=%7B%22type%22%3A%22deployment%22%2C%22sha%22%3A%221510182fbaf0b9d97306a8fc3cf526d45b716a50%22%2C%22repoName%22%3A%22GraKuba%2Fzela-website-prod%22%2C%22actor%22%3A%22GraKuba%22%2C%22slotName%22%3A%22Production%22%2C%22commitMessage%22%3A%22Force%20refresh%22%7D" X-Client-IP="172.182.209.56" X-Client-Port="54336" >
  <step title="Cleanup Xml Logs" date="2025-09-23T21:57:32.601" >
    <step title="Cleanup Infos" date="2025-09-23T21:57:32.609" totalFiles="284" totalCleanup="124" /><!-- duration: 3ms -->
  </step><!-- duration: 12ms -->
  <step title="OneDeploy" date="2025-09-23T21:57:32.652" >
    <step title="Starting PushDeployAsync" date="2025-09-23T21:57:32.696" /><!-- duration: 8ms -->
    <step title="Writing artifact to /tmp/zipdeploy/7f3ff8d2-1d07-4400-b95e-75f8f8180fc7.zip" date="2025-09-23T21:57:32.727" >
      <step title="Writing multipart request body to /tmp/zipdeploy/7f3ff8d2-1d07-4400-b95e-75f8f8180fc7.zip" date="2025-09-23T21:57:32.736" /><!-- duration: 2ms -->
    </step><!-- duration: 7240ms -->
    <step title="Removing previous build artifact&apos;s manifest file" date="2025-09-23T21:57:39.972" >
      <step title="Start deployment in the background" date="2025-09-23T21:57:40.004" >
        <step title="Acquiring Deployment Lock" date="2025-09-23T21:57:40.065" /><!-- duration: 2ms -->
        <step title="Acquired Deployment Lock" date="2025-09-23T21:57:40.091" /><!-- duration: 2ms -->
      </step><!-- duration: 183ms -->
    </step><!-- duration: 224ms -->
    <step title="Outgoing response" date="2025-09-23T21:57:40.199" type="response" statusCode="202" statusText="Accepted" /><!-- duration: 2ms -->
  </step><!-- duration: 7552ms -->
