<step title="Incoming Request" date="2025-09-23T19:53:11.435" instance="eaaec8" url="/api/publish?async=true&amp;deployer=GITHUB_ONE_DEPLOY&amp;type=zip&amp;message=%7B%22type%22%3A%22deployment%22%2C%22sha%22%3A%226516c460884f75da2804f255e6e964e9861a2f02%22%2C%22repoName%22%3A%22GraKuba%2Fzela-website-prod%22%2C%22actor%22%3A%22GraKuba%22%2C%22slotName%22%3A%22Production%22%2C%22commitMessage%22%3A%22Fix%20Azure%20deployment%20-%20remove%20Poetry%20detection%2C%20add%20startup%20script%22%7D" method="POST" type="request" pid="768,1,57" Host="app-zela-prod-bydye9czddhwgff2.scm.southafricanorth-01.azurewebsites.net" User-Agent="GITHUBACTIONS_DeployWebAppToAzure_b349df2cf252516c192149013447267a50b64d198cd5a05886d9cafdccf49604" Authorization="Bea..." Content-Type="application/octet-stream" Cookie="ARRAffinity=eaaec8baa01d5d22861a8f14a5883a5d77076ffd99485929fc98270ce7410f16;Path=/;HttpOnly;Secure;Domain=app-zela-prod-bydye9czddhwgff2.scm.southafricanorth-01.azurewebsites.net; ARRAffinitySameSite=eaaec8baa01d5d22861a8f14a5883a5d77076ffd99485929fc98270ce7410f16;Path=/;HttpOnly;SameSite=None;Secure;Domain=app-zela-prod-bydye9czddhwgff2.scm.southafricanorth-01.azurewebsites.net" Transfer-Encoding="chunked" X-ARR-LOG-ID="21ab47cf-d84f-4b89-94d9-1b4f52ec779b" CLIENT-IP="64.236.169.117:6144" X-SITE-DEPLOYMENT-ID="app-zela-prod" WAS-DEFAULT-HOSTNAME="app-zela-prod-bydye9czddhwgff2.scm.southafricanorth-01.azurewebsites.net" X-Forwarded-Proto="https" X-AppService-Proto="https" X-Forwarded-TlsVersion="1.3" X-WAWS-Unencoded-URL="/api/publish?async=true&amp;deployer=GITHUB_ONE_DEPLOY&amp;type=zip&amp;message=%7B%22type%22%3A%22deployment%22%2C%22sha%22%3A%226516c460884f75da2804f255e6e964e9861a2f02%22%2C%22repoName%22%3A%22GraKuba%2Fzela-website-prod%22%2C%22actor%22%3A%22GraKuba%22%2C%22slotName%22%3A%22Production%22%2C%22commitMessage%22%3A%22Fix%20Azure%20deployment%20-%20remove%20Poetry%20detection%2C%20add%20startup%20script%22%7D" X-Client-IP="64.236.169.117" X-Client-Port="6144" >
  <step title="Cleanup Xml Logs" date="2025-09-23T19:53:11.436" /><!-- duration: 11ms -->
  <step title="OneDeploy" date="2025-09-23T19:53:11.483" >
    <step title="Starting PushDeployAsync" date="2025-09-23T19:53:11.492" /><!-- duration: 2ms -->
    <step title="Writing artifact to /tmp/zipdeploy/7f428140-2cc5-4a2b-b7d6-36ee39142de1.zip" date="2025-09-23T19:53:11.503" >
      <step title="Writing multipart request body to /tmp/zipdeploy/7f428140-2cc5-4a2b-b7d6-36ee39142de1.zip" date="2025-09-23T19:53:11.514" /><!-- duration: 2ms -->
    </step><!-- duration: 7239ms -->
    <step title="Start deployment in the background" date="2025-09-23T19:53:18.774" >
      <step title="Acquiring Deployment Lock" date="2025-09-23T19:53:18.878" /><!-- duration: 2ms -->
      <step title="Acquired Deployment Lock" date="2025-09-23T19:53:18.920" /><!-- duration: 2ms -->
    </step><!-- duration: 432ms -->
  </step><!-- duration: 7735ms -->
  <step title="Outgoing response" date="2025-09-23T19:53:19.223" type="response" statusCode="202" statusText="Accepted" /><!-- duration: 3ms -->
</step><!-- duration: 7793ms -->
