<step title="Incoming Request" date="2025-09-23T21:31:46.710" instance="eaaec8" url="/api/deployments/latest?deployer=OneDeploy&amp;time=2025-09-23_21-31-39Z" method="GET" type="request" pid="772,1,7" Host="app-zela-prod-bydye9czddhwgff2.scm.southafricanorth-01.azurewebsites.net" User-Agent="GITHUBACTIONS_DeployWebAppToAzure_b349df2cf252516c192149013447267a50b64d198cd5a05886d9cafdccf49604" Authorization="Bea..." Content-Type="application/json; charset=utf-8" Cookie="ARRAffinity=eaaec8baa01d5d22861a8f14a5883a5d77076ffd99485929fc98270ce7410f16;Path=/;HttpOnly;Secure;Domain=app-zela-prod-bydye9czddhwgff2.scm.southafricanorth-01.azurewebsites.net; ARRAffinitySameSite=eaaec8baa01d5d22861a8f14a5883a5d77076ffd99485929fc98270ce7410f16;Path=/;HttpOnly;SameSite=None;Secure;Domain=app-zela-prod-bydye9czddhwgff2.scm.southafricanorth-01.azurewebsites.net" Content-Length="0" X-ARR-LOG-ID="7d4c1fa8-18d9-4716-87a8-ee322450ad7a" CLIENT-IP="20.98.18.68:3121" X-SITE-DEPLOYMENT-ID="app-zela-prod" WAS-DEFAULT-HOSTNAME="app-zela-prod-bydye9czddhwgff2.scm.southafricanorth-01.azurewebsites.net" X-Forwarded-Proto="https" X-AppService-Proto="https" X-Forwarded-TlsVersion="1.3" X-WAWS-Unencoded-URL="/api/deployments/latest?deployer=OneDeploy&amp;time=2025-09-23_21-31-39Z" X-Client-IP="20.98.18.68" X-Client-Port="3121" >
  <step title="Cleanup Xml Logs" date="2025-09-23T21:31:46.712" >
    <step title="Cleanup Infos" date="2025-09-23T21:31:46.747" totalFiles="249" totalCleanup="89" /><!-- duration: 4ms -->
  </step><!-- duration: 43ms -->
  <step title="DeploymentService.GetResult" date="2025-09-23T21:31:46.765" >
    <step title="DeploymentService.GetLatestDeployment" date="2025-09-23T21:31:46.775" >
      <step title="DeploymentManager.GetResults" date="2025-09-23T21:31:46.780" /><!-- duration: 587ms -->
    </step><!-- duration: 610ms -->
  </step><!-- duration: 638ms -->
  <step title="Outgoing response" date="2025-09-23T21:31:47.424" type="response" statusCode="202" statusText="Accepted" /><!-- duration: 18ms -->
</step><!-- duration: 755ms -->
