<step title="Incoming Request" date="2025-09-23T21:21:17.004" instance="eaaec8" url="/api/deployments/latest?deployer=OneDeploy&amp;time=2025-09-23_21-18-43Z" method="GET" type="request" pid="772,1,32" Host="app-zela-prod-bydye9czddhwgff2.scm.southafricanorth-01.azurewebsites.net" User-Agent="GITHUBACTIONS_DeployWebAppToAzure_b349df2cf252516c192149013447267a50b64d198cd5a05886d9cafdccf49604" Authorization="Bea..." Content-Type="application/json; charset=utf-8" Cookie="ARRAffinity=eaaec8baa01d5d22861a8f14a5883a5d77076ffd99485929fc98270ce7410f16;Path=/;HttpOnly;Secure;Domain=app-zela-prod-bydye9czddhwgff2.scm.southafricanorth-01.azurewebsites.net; ARRAffinitySameSite=eaaec8baa01d5d22861a8f14a5883a5d77076ffd99485929fc98270ce7410f16;Path=/;HttpOnly;SameSite=None;Secure;Domain=app-zela-prod-bydye9czddhwgff2.scm.southafricanorth-01.azurewebsites.net" Content-Length="0" X-ARR-LOG-ID="f3a8fdb6-2ece-4b5f-b43b-cd96cf8ab7c0" CLIENT-IP="172.183.89.67:38955" X-SITE-DEPLOYMENT-ID="app-zela-prod" WAS-DEFAULT-HOSTNAME="app-zela-prod-bydye9czddhwgff2.scm.southafricanorth-01.azurewebsites.net" X-Forwarded-Proto="https" X-AppService-Proto="https" X-Forwarded-TlsVersion="1.3" X-WAWS-Unencoded-URL="/api/deployments/latest?deployer=OneDeploy&amp;time=2025-09-23_21-18-43Z" X-Client-IP="172.183.89.67" X-Client-Port="38955" >
  <step title="Cleanup Xml Logs" date="2025-09-23T21:21:17.010" >
    <step title="Cleanup Infos" date="2025-09-23T21:21:17.024" totalFiles="240" totalCleanup="80" /><!-- duration: 6ms -->
  </step><!-- duration: 22ms -->
  <step title="DeploymentService.GetResult" date="2025-09-23T21:21:17.042" >
    <step title="DeploymentService.GetLatestDeployment" date="2025-09-23T21:21:17.048" >
      <step title="DeploymentManager.GetResults" date="2025-09-23T21:21:17.052" /><!-- duration: 397ms -->
    </step><!-- duration: 408ms -->
  </step><!-- duration: 417ms -->
  <step title="Outgoing response" date="2025-09-23T21:21:17.465" type="response" statusCode="202" statusText="Accepted" /><!-- duration: 3ms -->
</step><!-- duration: 472ms -->
