<step title="BackgroundTrace" date="2025-09-23T20:26:17.149" instance="eaaec8" url="/api/publish" method="POST" >
  <step title="Cleanup Xml Logs" date="2025-09-23T20:26:17.161" /><!-- duration: 5ms -->
  <step title="Creating temporary deployment - FetchDeploymentManager" date="2025-09-23T20:26:17.255" /><!-- duration: 4ms -->
  <step title="Creating temporary deployment" date="2025-09-23T20:26:17.263" /><!-- duration: 120ms -->
  <step title="Performing fetch based deployment" date="2025-09-23T20:26:17.449" >
    <step title="Cleaning up temp folders from previous zip deployments and extracting pushed zip file /tmp/zipdeploy/60fb69ba-8141-4e15-80f2-65ac50426830.zip (89.88 MB) to /tmp/zipdeploy/extracted" date="2025-09-23T20:26:18.759" >
      <step title="ChmodRecursive Process exited with total time taken in ms: 309" date="2025-09-23T20:26:49.748" /><!-- duration: 3ms -->
    </step><!-- duration: 30998ms -->
    <step title="Deployment timer started" date="2025-09-23T20:26:51.803" >
      <step title="DeploymentManager.Deploy(id:2d5be918-264a-4bf9-ab71-efc63b544373)" date="2025-09-23T20:26:51.833" >
        <step title="Collecting changeset information" date="2025-09-23T20:26:51.902" /><!-- duration: 125ms -->
        <step title="Updating submodules" date="2025-09-23T20:26:52.033" /><!-- duration: 1165ms -->
        <step title="Determining deployment builder" date="2025-09-23T20:26:53.511" >
          <step title="Builder is OryxBuilder" date="2025-09-23T20:26:53.564" /><!-- duration: 7ms -->
        </step><!-- duration: 70ms -->
        <step title="PreDeployment: context.CleanOutputPath False" date="2025-09-23T20:26:53.670" >
          <step title="PreDeployment: context.OutputPath /home/site/wwwroot" date="2025-09-23T20:26:53.881" >
            <step title="Building" date="2025-09-23T20:26:54.060" >
              <step title="Executing external process" date="2025-09-23T20:26:54.436" type="process" path="bash" arguments="-c &quot;oryx build /tmp/zipdeploy/extracted -o /home/site/wwwroot --platform python --platform-version 3.11 -p virtualenv_name=antenv --log-file /tmp/build-debug.log  -i /tmp/8ddfadf88c8c304 --compress-destination-dir | tee /tmp/oryx-build.log ; exit $PIPESTATUS &quot;" /><!-- duration: 199497ms -->
              <step title="Using PythonDeploymentLogParser" date="2025-09-23T20:30:14.415" /><!-- duration: 8ms -->
              <step title="Modified file to trigger a restart of the app container." date="2025-09-23T20:30:15.547" /><!-- duration: 3ms -->
              <step title="Skip function trigger and logicapp sync because function is not enabled." date="2025-09-23T20:30:15.564" /><!-- duration: 12ms -->
            </step><!-- duration: 202225ms -->
          </step><!-- duration: 202407ms -->
          <step title="Cleaning up temp files" date="2025-09-23T20:30:16.291" /><!-- duration: 7179ms -->
          <step title="Cleaning up temp files" date="2025-09-23T20:30:23.474" /><!-- duration: 511ms -->
          <step title="Reloading status file with latest updates" date="2025-09-23T20:30:24.006" >
            <step title="WebHooksManager.PublishEventAsync: PostDeployment" date="2025-09-23T20:30:24.013" /><!-- duration: 164ms -->
          </step><!-- duration: 172ms -->
          <step title="Cleaning up temporary deployment - fetch deployment was successful" date="2025-09-23T20:30:24.183" /><!-- duration: 2ms -->
        </step><!-- duration: 210552ms -->
      </step><!-- duration: 212403ms -->
