<step title="Incoming Request" date="2025-09-24T09:46:05.633" instance="eaaec8" url="/api/publish?async=true&amp;deployer=GITHUB_ONE_DEPLOY&amp;type=zip&amp;message=%7B%22type%22%3A%22deployment%22%2C%22sha%22%3A%221e399c174257b56a6c2c3afdd975686ff95fba74%22%2C%22repoName%22%3A%22GraKuba%2Fzela-website-prod%22%2C%22actor%22%3A%22GraKuba%22%2C%22slotName%22%3A%22Production%22%2C%22commitMessage%22%3A%22Changes%20in%20deployment.%22%7D" method="POST" type="request" pid="772,1,34" Host="app-zela-prod-bydye9czddhwgff2.scm.southafricanorth-01.azurewebsites.net" User-Agent="GITHUBACTIONS_DeployWebAppToAzure_b349df2cf252516c192149013447267a50b64d198cd5a05886d9cafdccf49604" Authorization="Bea..." Content-Type="application/octet-stream" Cookie="ARRAffinity=eaaec8baa01d5d22861a8f14a5883a5d77076ffd99485929fc98270ce7410f16;Path=/;HttpOnly;Secure;Domain=app-zela-prod-bydye9czddhwgff2.scm.southafricanorth-01.azurewebsites.net; ARRAffinitySameSite=eaaec8baa01d5d22861a8f14a5883a5d77076ffd99485929fc98270ce7410f16;Path=/;HttpOnly;SameSite=None;Secure;Domain=app-zela-prod-bydye9czddhwgff2.scm.southafricanorth-01.azurewebsites.net" Transfer-Encoding="chunked" X-ARR-LOG-ID="5febb8ed-fbf1-4b79-9f47-a40a3ee75755" CLIENT-IP="4.246.135.3:49176" X-SITE-DEPLOYMENT-ID="app-zela-prod" WAS-DEFAULT-HOSTNAME="app-zela-prod-bydye9czddhwgff2.scm.southafricanorth-01.azurewebsites.net" X-Forwarded-Proto="https" X-AppService-Proto="https" X-Forwarded-TlsVersion="1.3" X-WAWS-Unencoded-URL="/api/publish?async=true&amp;deployer=GITHUB_ONE_DEPLOY&amp;type=zip&amp;message=%7B%22type%22%3A%22deployment%22%2C%22sha%22%3A%221e399c174257b56a6c2c3afdd975686ff95fba74%22%2C%22repoName%22%3A%22GraKuba%2Fzela-website-prod%22%2C%22actor%22%3A%22GraKuba%22%2C%22slotName%22%3A%22Production%22%2C%22commitMessage%22%3A%22Changes%20in%20deployment.%22%7D" X-Client-IP="4.246.135.3" X-Client-Port="49176" >
  <step title="Cleanup Xml Logs" date="2025-09-24T09:46:05.637" >
    <step title="Cleanup Infos" date="2025-09-24T09:46:05.653" totalFiles="314" totalCleanup="154" /><!-- duration: 8ms -->
  </step><!-- duration: 27ms -->
  <step title="OneDeploy" date="2025-09-24T09:46:05.811" >
    <step title="Starting PushDeployAsync" date="2025-09-24T09:46:05.851" /><!-- duration: 5ms -->
    <step title="Writing artifact to /tmp/zipdeploy/df377a22-b847-4039-b192-2e057b64c768.zip" date="2025-09-24T09:46:05.886" >
      <step title="Writing multipart request body to /tmp/zipdeploy/df377a22-b847-4039-b192-2e057b64c768.zip" date="2025-09-24T09:46:05.898" /><!-- duration: 8ms -->
    </step><!-- duration: 7758ms -->
    <step title="Removing previous build artifact&apos;s manifest file" date="2025-09-24T09:46:13.655" >
      <step title="Start deployment in the background" date="2025-09-24T09:46:13.707" >
        <step title="Acquiring Deployment Lock" date="2025-09-24T09:46:13.783" /><!-- duration: 2ms -->
        <step title="Acquired Deployment Lock" date="2025-09-24T09:46:13.838" /><!-- duration: 3ms -->
      </step><!-- duration: 257ms -->
    </step><!-- duration: 331ms -->
    <step title="Outgoing response" date="2025-09-24T09:46:13.999" type="response" statusCode="202" statusText="Accepted" /><!-- duration: 3ms -->
  </step><!-- duration: 8194ms -->
