<step title="Incoming Request" date="2025-09-23T21:07:26.245" instance="eaaec8" url="/api/deployments/latest?deployer=OneDeploy&amp;time=2025-09-23_21-05-20Z" method="GET" type="request" pid="772,1,46" Host="app-zela-prod-bydye9czddhwgff2.scm.southafricanorth-01.azurewebsites.net" User-Agent="GITHUBACTIONS_DeployWebAppToAzure_b349df2cf252516c192149013447267a50b64d198cd5a05886d9cafdccf49604" Authorization="Bea..." Content-Type="application/json; charset=utf-8" Cookie="ARRAffinity=eaaec8baa01d5d22861a8f14a5883a5d77076ffd99485929fc98270ce7410f16;Path=/;HttpOnly;Secure;Domain=app-zela-prod-bydye9czddhwgff2.scm.southafricanorth-01.azurewebsites.net; ARRAffinitySameSite=eaaec8baa01d5d22861a8f14a5883a5d77076ffd99485929fc98270ce7410f16;Path=/;HttpOnly;SameSite=None;Secure;Domain=app-zela-prod-bydye9czddhwgff2.scm.southafricanorth-01.azurewebsites.net" Content-Length="0" X-ARR-LOG-ID="a43859c3-f0d9-4a6e-a7da-ea2e1f93e39a" CLIENT-IP="135.119.132.149:47160" X-SITE-DEPLOYMENT-ID="app-zela-prod" WAS-DEFAULT-HOSTNAME="app-zela-prod-bydye9czddhwgff2.scm.southafricanorth-01.azurewebsites.net" X-Forwarded-Proto="https" X-AppService-Proto="https" X-Forwarded-TlsVersion="1.3" X-WAWS-Unencoded-URL="/api/deployments/latest?deployer=OneDeploy&amp;time=2025-09-23_21-05-20Z" X-Client-IP="135.119.132.149" X-Client-Port="47160" >
  <step title="Cleanup Xml Logs" date="2025-09-23T21:07:26.253" >
    <step title="Cleanup Infos" date="2025-09-23T21:07:26.283" totalFiles="200" totalCleanup="40" /><!-- duration: 483ms -->
  </step><!-- duration: 636ms -->
  <step title="DeploymentService.GetResult" date="2025-09-23T21:07:26.966" >
    <step title="DeploymentService.GetLatestDeployment" date="2025-09-23T21:07:26.969" >
      <step title="DeploymentManager.GetResults" date="2025-09-23T21:07:26.978" /><!-- duration: 751ms -->
    </step><!-- duration: 791ms -->
  </step><!-- duration: 804ms -->
  <step title="Outgoing response" date="2025-09-23T21:07:28.049" type="response" statusCode="202" statusText="Accepted" /><!-- duration: 22ms -->
</step><!-- duration: 1836ms -->
