<step title="Incoming Request" date="2025-09-23T21:32:52.515" instance="eaaec8" url="/api/deployments/latest?deployer=OneDeploy&amp;time=2025-09-23_21-31-39Z" method="GET" type="request" pid="772,1,7" Host="app-zela-prod-bydye9czddhwgff2.scm.southafricanorth-01.azurewebsites.net" User-Agent="GITHUBACTIONS_DeployWebAppToAzure_b349df2cf252516c192149013447267a50b64d198cd5a05886d9cafdccf49604" Authorization="Bea..." Content-Type="application/json; charset=utf-8" Cookie="ARRAffinity=eaaec8baa01d5d22861a8f14a5883a5d77076ffd99485929fc98270ce7410f16;Path=/;HttpOnly;Secure;Domain=app-zela-prod-bydye9czddhwgff2.scm.southafricanorth-01.azurewebsites.net; ARRAffinitySameSite=eaaec8baa01d5d22861a8f14a5883a5d77076ffd99485929fc98270ce7410f16;Path=/;HttpOnly;SameSite=None;Secure;Domain=app-zela-prod-bydye9czddhwgff2.scm.southafricanorth-01.azurewebsites.net" Content-Length="0" X-ARR-LOG-ID="ac9eb9e2-bca5-4ecc-915d-f707ab47fc1d" CLIENT-IP="20.98.18.68:3120" X-SITE-DEPLOYMENT-ID="app-zela-prod" WAS-DEFAULT-HOSTNAME="app-zela-prod-bydye9czddhwgff2.scm.southafricanorth-01.azurewebsites.net" X-Forwarded-Proto="https" X-AppService-Proto="https" X-Forwarded-TlsVersion="1.3" X-WAWS-Unencoded-URL="/api/deployments/latest?deployer=OneDeploy&amp;time=2025-09-23_21-31-39Z" X-Client-IP="20.98.18.68" X-Client-Port="3120" >
  <step title="Cleanup Xml Logs" date="2025-09-23T21:32:52.521" >
    <step title="Cleanup Infos" date="2025-09-23T21:32:52.534" totalFiles="258" totalCleanup="98" /><!-- duration: 16ms -->
  </step><!-- duration: 31ms -->
  <step title="DeploymentService.GetResult" date="2025-09-23T21:32:52.562" >
    <step title="DeploymentService.GetLatestDeployment" date="2025-09-23T21:32:52.571" >
      <step title="DeploymentManager.GetResults" date="2025-09-23T21:32:52.573" /><!-- duration: 572ms -->
    </step><!-- duration: 577ms -->
  </step><!-- duration: 588ms -->
  <step title="Outgoing response" date="2025-09-23T21:32:53.157" type="response" statusCode="202" statusText="Accepted" /><!-- duration: 2ms -->
</step><!-- duration: 650ms -->
