<step title="Incoming Request" date="2025-09-24T09:46:40.816" instance="eaaec8" url="/api/deployments/latest?deployer=OneDeploy&amp;time=2025-09-24_09-46-13Z" method="GET" type="request" pid="772,1,62" Host="app-zela-prod-bydye9czddhwgff2.scm.southafricanorth-01.azurewebsites.net" User-Agent="GITHUBACTIONS_DeployWebAppToAzure_b349df2cf252516c192149013447267a50b64d198cd5a05886d9cafdccf49604" Authorization="Bea..." Content-Type="application/json; charset=utf-8" Cookie="ARRAffinity=eaaec8baa01d5d22861a8f14a5883a5d77076ffd99485929fc98270ce7410f16;Path=/;HttpOnly;Secure;Domain=app-zela-prod-bydye9czddhwgff2.scm.southafricanorth-01.azurewebsites.net; ARRAffinitySameSite=eaaec8baa01d5d22861a8f14a5883a5d77076ffd99485929fc98270ce7410f16;Path=/;HttpOnly;SameSite=None;Secure;Domain=app-zela-prod-bydye9czddhwgff2.scm.southafricanorth-01.azurewebsites.net" Content-Length="0" X-ARR-LOG-ID="65c89033-84ed-4ee4-971a-df601ec6d1f4" CLIENT-IP="4.246.135.3:49178" X-SITE-DEPLOYMENT-ID="app-zela-prod" WAS-DEFAULT-HOSTNAME="app-zela-prod-bydye9czddhwgff2.scm.southafricanorth-01.azurewebsites.net" X-Forwarded-Proto="https" X-AppService-Proto="https" X-Forwarded-TlsVersion="1.3" X-WAWS-Unencoded-URL="/api/deployments/latest?deployer=OneDeploy&amp;time=2025-09-24_09-46-13Z" X-Client-IP="4.246.135.3" X-Client-Port="49178" >
  <step title="Cleanup Xml Logs" date="2025-09-24T09:46:40.818" >
    <step title="Cleanup Infos" date="2025-09-24T09:46:40.845" totalFiles="319" totalCleanup="159" /><!-- duration: 13ms -->
  </step><!-- duration: 46ms -->
  <step title="DeploymentService.GetResult" date="2025-09-24T09:46:40.911" >
    <step title="DeploymentService.GetLatestDeployment" date="2025-09-24T09:46:40.914" >
      <step title="DeploymentManager.GetResults" date="2025-09-24T09:46:40.921" /><!-- duration: 830ms -->
    </step><!-- duration: 874ms -->
  </step><!-- duration: 908ms -->
  <step title="Outgoing response" date="2025-09-24T09:46:41.895" type="response" statusCode="202" statusText="Accepted" /><!-- duration: 19ms -->
</step><!-- duration: 1120ms -->
