<step title="Incoming Request" date="2025-09-23T21:21:02.815" instance="eaaec8" url="/api/deployments/latest?deployer=OneDeploy&amp;time=2025-09-23_21-18-43Z" method="GET" type="request" pid="772,1,32" Host="app-zela-prod-bydye9czddhwgff2.scm.southafricanorth-01.azurewebsites.net" User-Agent="GITHUBACTIONS_DeployWebAppToAzure_b349df2cf252516c192149013447267a50b64d198cd5a05886d9cafdccf49604" Authorization="Bea..." Content-Type="application/json; charset=utf-8" Cookie="ARRAffinity=eaaec8baa01d5d22861a8f14a5883a5d77076ffd99485929fc98270ce7410f16;Path=/;HttpOnly;Secure;Domain=app-zela-prod-bydye9czddhwgff2.scm.southafricanorth-01.azurewebsites.net; ARRAffinitySameSite=eaaec8baa01d5d22861a8f14a5883a5d77076ffd99485929fc98270ce7410f16;Path=/;HttpOnly;SameSite=None;Secure;Domain=app-zela-prod-bydye9czddhwgff2.scm.southafricanorth-01.azurewebsites.net" Content-Length="0" X-ARR-LOG-ID="dd0c1aeb-6977-4758-b1c1-2bd0c2725b79" CLIENT-IP="172.183.89.67:38952" X-SITE-DEPLOYMENT-ID="app-zela-prod" WAS-DEFAULT-HOSTNAME="app-zela-prod-bydye9czddhwgff2.scm.southafricanorth-01.azurewebsites.net" X-Forwarded-Proto="https" X-AppService-Proto="https" X-Forwarded-TlsVersion="1.3" X-WAWS-Unencoded-URL="/api/deployments/latest?deployer=OneDeploy&amp;time=2025-09-23_21-18-43Z" X-Client-IP="172.183.89.67" X-Client-Port="38952" >
  <step title="Cleanup Xml Logs" date="2025-09-23T21:21:02.822" >
    <step title="Cleanup Infos" date="2025-09-23T21:21:02.859" totalFiles="238" totalCleanup="78" /><!-- duration: 11ms -->
  </step><!-- duration: 56ms -->
  <step title="DeploymentService.GetResult" date="2025-09-23T21:21:02.908" >
    <step title="DeploymentService.GetLatestDeployment" date="2025-09-23T21:21:02.910" >
      <step title="DeploymentManager.GetResults" date="2025-09-23T21:21:02.916" /><!-- duration: 604ms -->
    </step><!-- duration: 655ms -->
  </step><!-- duration: 661ms -->
  <step title="Outgoing response" date="2025-09-23T21:21:03.645" type="response" statusCode="202" statusText="Accepted" /><!-- duration: 8ms -->
</step><!-- duration: 847ms -->
