<step title="Incoming Request" date="2025-09-23T21:18:57.421" instance="eaaec8" url="/api/deployments/latest?deployer=OneDeploy&amp;time=2025-09-23_21-18-43Z" method="GET" type="request" pid="772,1,30" Host="app-zela-prod-bydye9czddhwgff2.scm.southafricanorth-01.azurewebsites.net" User-Agent="GITHUBACTIONS_DeployWebAppToAzure_b349df2cf252516c192149013447267a50b64d198cd5a05886d9cafdccf49604" Authorization="Bea..." Content-Type="application/json; charset=utf-8" Cookie="ARRAffinity=eaaec8baa01d5d22861a8f14a5883a5d77076ffd99485929fc98270ce7410f16;Path=/;HttpOnly;Secure;Domain=app-zela-prod-bydye9czddhwgff2.scm.southafricanorth-01.azurewebsites.net; ARRAffinitySameSite=eaaec8baa01d5d22861a8f14a5883a5d77076ffd99485929fc98270ce7410f16;Path=/;HttpOnly;SameSite=None;Secure;Domain=app-zela-prod-bydye9czddhwgff2.scm.southafricanorth-01.azurewebsites.net" Content-Length="0" X-ARR-LOG-ID="bf751de0-ac9b-452a-a97c-2fafc8c0be77" CLIENT-IP="172.183.89.67:38939" X-SITE-DEPLOYMENT-ID="app-zela-prod" WAS-DEFAULT-HOSTNAME="app-zela-prod-bydye9czddhwgff2.scm.southafricanorth-01.azurewebsites.net" X-Forwarded-Proto="https" X-AppService-Proto="https" X-Forwarded-TlsVersion="1.3" X-WAWS-Unencoded-URL="/api/deployments/latest?deployer=OneDeploy&amp;time=2025-09-23_21-18-43Z" X-Client-IP="172.183.89.67" X-Client-Port="38939" >
  <step title="Cleanup Xml Logs" date="2025-09-23T21:18:57.458" >
    <step title="Cleanup Infos" date="2025-09-23T21:18:57.513" totalFiles="222" totalCleanup="62" /><!-- duration: 10ms -->
  </step><!-- duration: 77ms -->
  <step title="DeploymentService.GetResult" date="2025-09-23T21:18:57.555" >
    <step title="DeploymentService.GetLatestDeployment" date="2025-09-23T21:18:57.565" >
      <step title="DeploymentManager.GetResults" date="2025-09-23T21:18:57.573" /><!-- duration: 592ms -->
    </step><!-- duration: 634ms -->
  </step><!-- duration: 647ms -->
  <step title="Outgoing response" date="2025-09-23T21:18:58.292" type="response" statusCode="202" statusText="Accepted" /><!-- duration: 18ms -->
</step><!-- duration: 899ms -->
