<step title="BackgroundTrace" date="2025-09-23T21:18:42.812" instance="eaaec8" url="/api/publish" method="POST" >
  <step title="Cleanup Xml Logs" date="2025-09-23T21:18:42.828" >
    <step title="Cleanup Infos" date="2025-09-23T21:18:42.838" totalFiles="219" totalCleanup="59" /><!-- duration: 3ms -->
  </step><!-- duration: 15ms -->
  <step title="Creating temporary deployment - FetchDeploymentManager" date="2025-09-23T21:18:42.896" /><!-- duration: 2ms -->
  <step title="Creating temporary deployment" date="2025-09-23T21:18:42.902" /><!-- duration: 176ms -->
  <step title="Performing fetch based deployment" date="2025-09-23T21:18:43.109" >
    <step title="Cleaning up temp folders from previous zip deployments and extracting pushed zip file /tmp/zipdeploy/f3e911a0-e3cf-449b-91f8-e9b269c36e2d.zip (89.88 MB) to /tmp/zipdeploy/extracted" date="2025-09-23T21:18:44.327" >
      <step title="ChmodRecursive Process exited with total time taken in ms: 44" date="2025-09-23T21:19:14.637" /><!-- duration: 9ms -->
    </step><!-- duration: 30334ms -->
    <step title="Deployment timer started" date="2025-09-23T21:19:16.690" >
      <step title="DeploymentManager.Deploy(id:cfb9e126-d5b8-4714-8b3c-fd630a66f5b7)" date="2025-09-23T21:19:16.701" >
        <step title="Collecting changeset information" date="2025-09-23T21:19:16.730" /><!-- duration: 172ms -->
        <step title="Updating submodules" date="2025-09-23T21:19:16.909" /><!-- duration: 1098ms -->
        <step title="Determining deployment builder" date="2025-09-23T21:19:18.210" >
          <step title="Builder is OryxBuilder" date="2025-09-23T21:19:18.226" /><!-- duration: 17ms -->
        </step><!-- duration: 36ms -->
        <step title="PreDeployment: context.CleanOutputPath False" date="2025-09-23T21:19:18.314" >
          <step title="PreDeployment: context.OutputPath /home/site/wwwroot" date="2025-09-23T21:19:18.424" >
            <step title="Building" date="2025-09-23T21:19:18.554" >
              <step title="Executing external process" date="2025-09-23T21:19:18.933" type="process" path="bash" arguments="-c &quot;oryx build /tmp/zipdeploy/extracted -o /home/site/wwwroot --platform python --platform-version 3.11 -p virtualenv_name=antenv --log-file /tmp/build-debug.log  -i /tmp/8ddfae6db2527c3 --compress-destination-dir | tee /tmp/oryx-build.log ; exit $PIPESTATUS &quot;" /><!-- duration: 141965ms -->
              <step title="Using PythonDeploymentLogParser" date="2025-09-23T21:21:41.354" /><!-- duration: 18ms -->
              <step title="Modified file to trigger a restart of the app container." date="2025-09-23T21:21:42.622" /><!-- duration: 3ms -->
              <step title="Skip function trigger and logicapp sync because function is not enabled." date="2025-09-23T21:21:42.630" /><!-- duration: 4ms -->
            </step><!-- duration: 144898ms -->
          </step><!-- duration: 145030ms -->
          <step title="Cleaning up temp files" date="2025-09-23T21:21:43.455" /><!-- duration: 6903ms -->
          <step title="Cleaning up temp files" date="2025-09-23T21:21:50.369" /><!-- duration: 531ms -->
          <step title="Reloading status file with latest updates" date="2025-09-23T21:21:50.938" >
            <step title="WebHooksManager.PublishEventAsync: PostDeployment" date="2025-09-23T21:21:50.958" /><!-- duration: 45ms -->
          </step><!-- duration: 67ms -->
          <step title="Cleaning up temporary deployment - fetch deployment was successful" date="2025-09-23T21:21:51.009" /><!-- duration: 2ms -->
        </step><!-- duration: 152734ms -->
      </step><!-- duration: 154357ms -->
