<step title="Incoming Request" date="2025-09-24T09:48:47.078" instance="eaaec8" url="/api/deployments/latest?deployer=OneDeploy&amp;time=2025-09-24_09-46-13Z" method="GET" type="request" pid="772,1,62" Host="app-zela-prod-bydye9czddhwgff2.scm.southafricanorth-01.azurewebsites.net" User-Agent="GITHUBACTIONS_DeployWebAppToAzure_b349df2cf252516c192149013447267a50b64d198cd5a05886d9cafdccf49604" Authorization="Bea..." Content-Type="application/json; charset=utf-8" Cookie="ARRAffinity=eaaec8baa01d5d22861a8f14a5883a5d77076ffd99485929fc98270ce7410f16;Path=/;HttpOnly;Secure;Domain=app-zela-prod-bydye9czddhwgff2.scm.southafricanorth-01.azurewebsites.net; ARRAffinitySameSite=eaaec8baa01d5d22861a8f14a5883a5d77076ffd99485929fc98270ce7410f16;Path=/;HttpOnly;SameSite=None;Secure;Domain=app-zela-prod-bydye9czddhwgff2.scm.southafricanorth-01.azurewebsites.net" Content-Length="0" X-ARR-LOG-ID="c1267d06-9b6b-4b46-ae7d-95f88f3c08a5" CLIENT-IP="4.246.135.3:49178" X-SITE-DEPLOYMENT-ID="app-zela-prod" WAS-DEFAULT-HOSTNAME="app-zela-prod-bydye9czddhwgff2.scm.southafricanorth-01.azurewebsites.net" X-Forwarded-Proto="https" X-AppService-Proto="https" X-Forwarded-TlsVersion="1.3" X-WAWS-Unencoded-URL="/api/deployments/latest?deployer=OneDeploy&amp;time=2025-09-24_09-46-13Z" X-Client-IP="4.246.135.3" X-Client-Port="49178" >
  <step title="Cleanup Xml Logs" date="2025-09-24T09:48:47.089" >
    <step title="Cleanup Infos" date="2025-09-24T09:48:47.125" totalFiles="337" totalCleanup="177" /><!-- duration: 11ms -->
  </step><!-- duration: 58ms -->
  <step title="DeploymentService.GetResult" date="2025-09-24T09:48:47.165" >
    <step title="DeploymentService.GetLatestDeployment" date="2025-09-24T09:48:47.173" >
      <step title="DeploymentManager.GetResults" date="2025-09-24T09:48:47.185" /><!-- duration: 649ms -->
    </step><!-- duration: 681ms -->
  </step><!-- duration: 692ms -->
  <step title="Outgoing response" date="2025-09-24T09:48:47.873" type="response" statusCode="202" statusText="Accepted" /><!-- duration: 10ms -->
</step><!-- duration: 817ms -->
