<step title="BackgroundTrace" date="2025-09-23T21:57:40.012" instance="eaaec8" url="/api/publish" method="POST" >
  <step title="Cleanup Xml Logs" date="2025-09-23T21:57:40.022" >
    <step title="Cleanup Infos" date="2025-09-23T21:57:40.028" totalFiles="285" totalCleanup="125" /><!-- duration: 3ms -->
  </step><!-- duration: 18ms -->
  <step title="Creating temporary deployment - FetchDeploymentManager" date="2025-09-23T21:57:40.095" /><!-- duration: 4ms -->
  <step title="Creating temporary deployment" date="2025-09-23T21:57:40.104" /><!-- duration: 80ms -->
  <step title="Performing fetch based deployment" date="2025-09-23T21:57:40.208" >
    <step title="Cleaning up temp folders from previous zip deployments and extracting pushed zip file /tmp/zipdeploy/7f3ff8d2-1d07-4400-b95e-75f8f8180fc7.zip (87.62 MB) to /tmp/zipdeploy/extracted" date="2025-09-23T21:57:41.416" >
      <step title="ChmodRecursive Process exited with total time taken in ms: 153" date="2025-09-23T21:58:09.757" /><!-- duration: 7ms -->
    </step><!-- duration: 28357ms -->
    <step title="Deployment timer started" date="2025-09-23T21:58:11.806" >
      <step title="DeploymentManager.Deploy(id:1529656f-f77c-471d-8fcd-cf13328e55d8)" date="2025-09-23T21:58:11.812" >
        <step title="Collecting changeset information" date="2025-09-23T21:58:11.831" /><!-- duration: 110ms -->
        <step title="Updating submodules" date="2025-09-23T21:58:11.945" /><!-- duration: 1113ms -->
        <step title="Determining deployment builder" date="2025-09-23T21:58:13.223" >
          <step title="Builder is OryxBuilder" date="2025-09-23T21:58:13.233" /><!-- duration: 8ms -->
        </step><!-- duration: 21ms -->
        <step title="PreDeployment: context.CleanOutputPath False" date="2025-09-23T21:58:13.297" >
          <step title="PreDeployment: context.OutputPath /home/site/wwwroot" date="2025-09-23T21:58:13.396" >
            <step title="Building" date="2025-09-23T21:58:13.516" >
              <step title="Executing external process" date="2025-09-23T21:58:13.843" type="process" path="bash" arguments="-c &quot;oryx build /tmp/zipdeploy/extracted -o /home/site/wwwroot --platform python --platform-version 3.11 -p virtualenv_name=antenv --log-file /tmp/build-debug.log  -i /tmp/8ddfaec4aeac9be --compress-destination-dir | tee /tmp/oryx-build.log ; exit $PIPESTATUS &quot;" /><!-- duration: 143401ms -->
              <step title="Using PythonDeploymentLogParser" date="2025-09-23T22:00:37.623" /><!-- duration: 19ms -->
              <step title="Modified file to trigger a restart of the app container." date="2025-09-23T22:00:39.389" /><!-- duration: 3ms -->
              <step title="Skip function trigger and logicapp sync because function is not enabled." date="2025-09-23T22:00:39.406" /><!-- duration: 9ms -->
            </step><!-- duration: 146951ms -->
          </step><!-- duration: 147075ms -->
          <step title="Cleaning up temp files" date="2025-09-23T22:00:40.473" /><!-- duration: 5148ms -->
          <step title="Cleaning up temp files" date="2025-09-23T22:00:45.628" /><!-- duration: 507ms -->
          <step title="Reloading status file with latest updates" date="2025-09-23T22:00:46.154" >
            <step title="WebHooksManager.PublishEventAsync: PostDeployment" date="2025-09-23T22:00:46.157" /><!-- duration: 52ms -->
          </step><!-- duration: 62ms -->
          <step title="Cleaning up temporary deployment - fetch deployment was successful" date="2025-09-23T22:00:46.224" /><!-- duration: 2ms -->
        </step><!-- duration: 152964ms -->
      </step><!-- duration: 154461ms -->
