<step title="Incoming Request" date="2025-09-24T09:48:05.613" instance="eaaec8" url="/api/deployments/latest?deployer=OneDeploy&amp;time=2025-09-24_09-46-13Z" method="GET" type="request" pid="772,1,65" Host="app-zela-prod-bydye9czddhwgff2.scm.southafricanorth-01.azurewebsites.net" User-Agent="GITHUBACTIONS_DeployWebAppToAzure_b349df2cf252516c192149013447267a50b64d198cd5a05886d9cafdccf49604" Authorization="Bea..." Content-Type="application/json; charset=utf-8" Cookie="ARRAffinity=eaaec8baa01d5d22861a8f14a5883a5d77076ffd99485929fc98270ce7410f16;Path=/;HttpOnly;Secure;Domain=app-zela-prod-bydye9czddhwgff2.scm.southafricanorth-01.azurewebsites.net; ARRAffinitySameSite=eaaec8baa01d5d22861a8f14a5883a5d77076ffd99485929fc98270ce7410f16;Path=/;HttpOnly;SameSite=None;Secure;Domain=app-zela-prod-bydye9czddhwgff2.scm.southafricanorth-01.azurewebsites.net" Content-Length="0" X-ARR-LOG-ID="e7a363f4-bb18-468a-b801-b86683d01356" CLIENT-IP="4.246.135.3:49178" X-SITE-DEPLOYMENT-ID="app-zela-prod" WAS-DEFAULT-HOSTNAME="app-zela-prod-bydye9czddhwgff2.scm.southafricanorth-01.azurewebsites.net" X-Forwarded-Proto="https" X-AppService-Proto="https" X-Forwarded-TlsVersion="1.3" X-WAWS-Unencoded-URL="/api/deployments/latest?deployer=OneDeploy&amp;time=2025-09-24_09-46-13Z" X-Client-IP="4.246.135.3" X-Client-Port="49178" >
  <step title="Cleanup Xml Logs" date="2025-09-24T09:48:05.631" >
    <step title="Cleanup Infos" date="2025-09-24T09:48:05.680" totalFiles="331" totalCleanup="171" /><!-- duration: 22ms -->
  </step><!-- duration: 117ms -->
  <step title="DeploymentService.GetResult" date="2025-09-24T09:48:05.760" >
    <step title="DeploymentService.GetLatestDeployment" date="2025-09-24T09:48:05.779" >
      <step title="DeploymentManager.GetResults" date="2025-09-24T09:48:05.781" /><!-- duration: 1059ms -->
    </step><!-- duration: 1090ms -->
  </step><!-- duration: 1117ms -->
  <step title="Outgoing response" date="2025-09-24T09:48:06.895" type="response" statusCode="202" statusText="Accepted" /><!-- duration: 12ms -->
</step><!-- duration: 1301ms -->
