<step title="Incoming Request" date="2025-09-23T21:05:13.145" instance="eaaec8" url="/api/publish?async=true&amp;deployer=GITHUB_ONE_DEPLOY&amp;type=zip&amp;message=%7B%22type%22%3A%22deployment%22%2C%22sha%22%3A%227ccd29ba4982da1bb8a8a49f4d68627205a21768%22%2C%22repoName%22%3A%22GraKuba%2Fzela-website-prod%22%2C%22actor%22%3A%22GraKuba%22%2C%22slotName%22%3A%22Production%22%2C%22commitMessage%22%3A%22Simplify%20Azure%20deployment%20-%20remove%20complex%20startup%20scripts%22%7D" method="POST" type="request" pid="772,1,49" Host="app-zela-prod-bydye9czddhwgff2.scm.southafricanorth-01.azurewebsites.net" User-Agent="GITHUBACTIONS_DeployWebAppToAzure_b349df2cf252516c192149013447267a50b64d198cd5a05886d9cafdccf49604" Authorization="Bea..." Content-Type="application/octet-stream" Cookie="ARRAffinity=eaaec8baa01d5d22861a8f14a5883a5d77076ffd99485929fc98270ce7410f16;Path=/;HttpOnly;Secure;Domain=app-zela-prod-bydye9czddhwgff2.scm.southafricanorth-01.azurewebsites.net; ARRAffinitySameSite=eaaec8baa01d5d22861a8f14a5883a5d77076ffd99485929fc98270ce7410f16;Path=/;HttpOnly;SameSite=None;Secure;Domain=app-zela-prod-bydye9czddhwgff2.scm.southafricanorth-01.azurewebsites.net" Transfer-Encoding="chunked" X-ARR-LOG-ID="f8729af4-8021-4efb-add8-9706c2e7752e" CLIENT-IP="135.119.132.149:47160" X-SITE-DEPLOYMENT-ID="app-zela-prod" WAS-DEFAULT-HOSTNAME="app-zela-prod-bydye9czddhwgff2.scm.southafricanorth-01.azurewebsites.net" X-Forwarded-Proto="https" X-AppService-Proto="https" X-Forwarded-TlsVersion="1.3" X-WAWS-Unencoded-URL="/api/publish?async=true&amp;deployer=GITHUB_ONE_DEPLOY&amp;type=zip&amp;message=%7B%22type%22%3A%22deployment%22%2C%22sha%22%3A%227ccd29ba4982da1bb8a8a49f4d68627205a21768%22%2C%22repoName%22%3A%22GraKuba%2Fzela-website-prod%22%2C%22actor%22%3A%22GraKuba%22%2C%22slotName%22%3A%22Production%22%2C%22commitMessage%22%3A%22Simplify%20Azure%20deployment%20-%20remove%20complex%20startup%20scripts%22%7D" X-Client-IP="135.119.132.149" X-Client-Port="47160" >
  <step title="Cleanup Xml Logs" date="2025-09-23T21:05:13.147" /><!-- duration: 5ms -->
  <step title="OneDeploy" date="2025-09-23T21:05:13.202" >
    <step title="Starting PushDeployAsync" date="2025-09-23T21:05:13.218" /><!-- duration: 2ms -->
    <step title="Writing artifact to /tmp/zipdeploy/a622188f-d608-4ab4-915b-100606211a8b.zip" date="2025-09-23T21:05:13.241" >
      <step title="Writing multipart request body to /tmp/zipdeploy/a622188f-d608-4ab4-915b-100606211a8b.zip" date="2025-09-23T21:05:13.259" /><!-- duration: 2ms -->
    </step><!-- duration: 6724ms -->
    <step title="Removing previous build artifact&apos;s manifest file" date="2025-09-23T21:05:19.977" >
      <step title="Start deployment in the background" date="2025-09-23T21:05:19.998" >
        <step title="Acquiring Deployment Lock" date="2025-09-23T21:05:20.034" /><!-- duration: 4ms -->
        <step title="Acquired Deployment Lock" date="2025-09-23T21:05:20.091" /><!-- duration: 2ms -->
      </step><!-- duration: 170ms -->
    </step><!-- duration: 202ms -->
    <step title="Outgoing response" date="2025-09-23T21:05:20.183" type="response" statusCode="202" statusText="Accepted" /><!-- duration: 4ms -->
  </step><!-- duration: 6987ms -->
