<step title="Incoming Request" date="2025-09-23T19:42:50.351" instance="eaaec8" url="/api/publish?async=true&amp;deployer=GITHUB_ONE_DEPLOY&amp;type=zip&amp;message=%7B%22type%22%3A%22deployment%22%2C%22sha%22%3A%227a9f2aa56d6a592712c1c782aeb30b23c7c281db%22%2C%22repoName%22%3A%22GraKuba%2Fzela-website-prod%22%2C%22actor%22%3A%22GraKuba%22%2C%22slotName%22%3A%22Production%22%2C%22commitMessage%22%3A%22Remove%20environment%20requirement%20from%20workflow%20-%20fix%20federated%20identity%20error%22%7D" method="POST" type="request" pid="768,1,73" Host="app-zela-prod-bydye9czddhwgff2.scm.southafricanorth-01.azurewebsites.net" User-Agent="GITHUBACTIONS_DeployWebAppToAzure_b349df2cf252516c192149013447267a50b64d198cd5a05886d9cafdccf49604" Authorization="Bea..." Content-Type="application/octet-stream" Cookie="ARRAffinity=eaaec8baa01d5d22861a8f14a5883a5d77076ffd99485929fc98270ce7410f16;Path=/;HttpOnly;Secure;Domain=app-zela-prod-bydye9czddhwgff2.scm.southafricanorth-01.azurewebsites.net; ARRAffinitySameSite=eaaec8baa01d5d22861a8f14a5883a5d77076ffd99485929fc98270ce7410f16;Path=/;HttpOnly;SameSite=None;Secure;Domain=app-zela-prod-bydye9czddhwgff2.scm.southafricanorth-01.azurewebsites.net" Transfer-Encoding="chunked" X-ARR-LOG-ID="d673b450-e020-4b4d-8d1e-ce960eaa12a6" CLIENT-IP="57.151.128.197:45096" X-SITE-DEPLOYMENT-ID="app-zela-prod" WAS-DEFAULT-HOSTNAME="app-zela-prod-bydye9czddhwgff2.scm.southafricanorth-01.azurewebsites.net" X-Forwarded-Proto="https" X-AppService-Proto="https" X-Forwarded-TlsVersion="1.3" X-WAWS-Unencoded-URL="/api/publish?async=true&amp;deployer=GITHUB_ONE_DEPLOY&amp;type=zip&amp;message=%7B%22type%22%3A%22deployment%22%2C%22sha%22%3A%227a9f2aa56d6a592712c1c782aeb30b23c7c281db%22%2C%22repoName%22%3A%22GraKuba%2Fzela-website-prod%22%2C%22actor%22%3A%22GraKuba%22%2C%22slotName%22%3A%22Production%22%2C%22commitMessage%22%3A%22Remove%20environment%20requirement%20from%20workflow%20-%20fix%20federated%20identity%20error%22%7D" X-Client-IP="57.151.128.197" X-Client-Port="45096" >
  <step title="Cleanup Xml Logs" date="2025-09-23T19:42:50.355" /><!-- duration: 14ms -->
  <step title="OneDeploy" date="2025-09-23T19:42:50.707" >
    <step title="None repository commit" date="2025-09-23T19:42:50.801" >
      <step title="Commit id: 6dfd3b8a-8a91-4f13-954d-197f2c480f6b" date="2025-09-23T19:42:50.816" Message="N/A" AuthorName="N/A" AuthorEmail="N/A" /><!-- duration: 3ms -->
    </step><!-- duration: 20ms -->
    <step title="Starting PushDeployAsync" date="2025-09-23T19:42:50.828" /><!-- duration: 2ms -->
    <step title="Writing artifact to /tmp/zipdeploy/04c85eaa-bed9-4544-a918-5ee78da61a72.zip" date="2025-09-23T19:42:50.879" >
      <step title="Writing multipart request body to /tmp/zipdeploy/04c85eaa-bed9-4544-a918-5ee78da61a72.zip" date="2025-09-23T19:42:50.931" /><!-- duration: 3ms -->
    </step><!-- duration: 7616ms -->
    <step title="Start deployment in the background" date="2025-09-23T19:42:58.516" >
      <step title="Acquiring Deployment Lock" date="2025-09-23T19:42:58.636" /><!-- duration: 11ms -->
      <step title="Acquired Deployment Lock" date="2025-09-23T19:42:58.865" /><!-- duration: 3ms -->
    </step><!-- duration: 609ms -->
  </step><!-- duration: 8442ms -->
  <step title="Outgoing response" date="2025-09-23T19:42:59.160" type="response" statusCode="202" statusText="Accepted" /><!-- duration: 3ms -->
</step><!-- duration: 8819ms -->
