<step title="BackgroundTrace" date="2025-09-23T21:05:20.001" instance="eaaec8" url="/api/publish" method="POST" >
  <step title="Cleanup Xml Logs" date="2025-09-23T21:05:20.006" /><!-- duration: 20ms -->
  <step title="Creating temporary deployment - FetchDeploymentManager" date="2025-09-23T21:05:20.094" /><!-- duration: 2ms -->
  <step title="Creating temporary deployment" date="2025-09-23T21:05:20.100" /><!-- duration: 65ms -->
  <step title="Performing fetch based deployment" date="2025-09-23T21:05:20.197" >
    <step title="Cleaning up temp folders from previous zip deployments and extracting pushed zip file /tmp/zipdeploy/a622188f-d608-4ab4-915b-100606211a8b.zip (89.88 MB) to /tmp/zipdeploy/extracted" date="2025-09-23T21:05:21.363" >
      <step title="ChmodRecursive Process exited with total time taken in ms: 41" date="2025-09-23T21:05:47.213" /><!-- duration: 11ms -->
    </step><!-- duration: 25869ms -->
    <step title="Deployment timer started" date="2025-09-23T21:05:49.276" >
      <step title="DeploymentManager.Deploy(id:788383eb-dc35-4cdf-8cb7-95711c843cfc)" date="2025-09-23T21:05:49.282" >
        <step title="Collecting changeset information" date="2025-09-23T21:05:49.316" /><!-- duration: 171ms -->
        <step title="Updating submodules" date="2025-09-23T21:05:49.492" /><!-- duration: 1139ms -->
        <step title="Determining deployment builder" date="2025-09-23T21:05:50.841" >
          <step title="Builder is OryxBuilder" date="2025-09-23T21:05:50.871" /><!-- duration: 17ms -->
        </step><!-- duration: 48ms -->
        <step title="PreDeployment: context.CleanOutputPath False" date="2025-09-23T21:05:50.963" >
          <step title="PreDeployment: context.OutputPath /home/site/wwwroot" date="2025-09-23T21:05:51.076" >
            <step title="Building" date="2025-09-23T21:05:51.237" >
              <step title="Executing external process" date="2025-09-23T21:05:51.579" type="process" path="bash" arguments="-c &quot;oryx build /tmp/zipdeploy/extracted -o /home/site/wwwroot --platform python --platform-version 3.11 -p virtualenv_name=antenv --log-file /tmp/build-debug.log  -i /tmp/8ddfae4f9ec41d2 --compress-destination-dir | tee /tmp/oryx-build.log ; exit $PIPESTATUS &quot;" /><!-- duration: 194030ms -->
              <step title="Using PythonDeploymentLogParser" date="2025-09-23T21:09:06.082" /><!-- duration: 2ms -->
              <step title="Modified file to trigger a restart of the app container." date="2025-09-23T21:09:07.269" /><!-- duration: 1ms -->
              <step title="Skip function trigger and logicapp sync because function is not enabled." date="2025-09-23T21:09:07.284" /><!-- duration: 21ms -->
            </step><!-- duration: 197165ms -->
          </step><!-- duration: 197335ms -->
          <step title="Cleaning up temp files" date="2025-09-23T21:09:08.413" /><!-- duration: 6663ms -->
          <step title="Cleaning up temp files" date="2025-09-23T21:09:15.079" /><!-- duration: 519ms -->
          <step title="Reloading status file with latest updates" date="2025-09-23T21:09:15.629" >
            <step title="WebHooksManager.PublishEventAsync: PostDeployment" date="2025-09-23T21:09:15.634" /><!-- duration: 90ms -->
          </step><!-- duration: 100ms -->
          <step title="Cleaning up temporary deployment - fetch deployment was successful" date="2025-09-23T21:09:15.744" /><!-- duration: 7ms -->
        </step><!-- duration: 204854ms -->
      </step><!-- duration: 206551ms -->
