<step title="Incoming Request" date="2025-09-23T21:59:34.072" instance="eaaec8" url="/api/deployments/latest?deployer=OneDeploy&amp;time=2025-09-23_21-57-40Z" method="GET" type="request" pid="772,1,19" Host="app-zela-prod-bydye9czddhwgff2.scm.southafricanorth-01.azurewebsites.net" User-Agent="GITHUBACTIONS_DeployWebAppToAzure_b349df2cf252516c192149013447267a50b64d198cd5a05886d9cafdccf49604" Authorization="Bea..." Content-Type="application/json; charset=utf-8" Cookie="ARRAffinity=eaaec8baa01d5d22861a8f14a5883a5d77076ffd99485929fc98270ce7410f16;Path=/;HttpOnly;Secure;Domain=app-zela-prod-bydye9czddhwgff2.scm.southafricanorth-01.azurewebsites.net; ARRAffinitySameSite=eaaec8baa01d5d22861a8f14a5883a5d77076ffd99485929fc98270ce7410f16;Path=/;HttpOnly;SameSite=None;Secure;Domain=app-zela-prod-bydye9czddhwgff2.scm.southafricanorth-01.azurewebsites.net" Content-Length="0" X-ARR-LOG-ID="cdebf1d0-2362-44c0-978c-8fbd99d4bf54" CLIENT-IP="172.182.209.56:54336" X-SITE-DEPLOYMENT-ID="app-zela-prod" WAS-DEFAULT-HOSTNAME="app-zela-prod-bydye9czddhwgff2.scm.southafricanorth-01.azurewebsites.net" X-Forwarded-Proto="https" X-AppService-Proto="https" X-Forwarded-TlsVersion="1.3" X-WAWS-Unencoded-URL="/api/deployments/latest?deployer=OneDeploy&amp;time=2025-09-23_21-57-40Z" X-Client-IP="172.182.209.56" X-Client-Port="54336" >
  <step title="Cleanup Xml Logs" date="2025-09-23T21:59:34.082" >
    <step title="Cleanup Infos" date="2025-09-23T21:59:34.120" totalFiles="302" totalCleanup="142" /><!-- duration: 27ms -->
  </step><!-- duration: 68ms -->
  <step title="DeploymentService.GetResult" date="2025-09-23T21:59:34.169" >
    <step title="DeploymentService.GetLatestDeployment" date="2025-09-23T21:59:34.177" >
      <step title="DeploymentManager.GetResults" date="2025-09-23T21:59:34.185" /><!-- duration: 532ms -->
    </step><!-- duration: 543ms -->
  </step><!-- duration: 570ms -->
  <step title="Outgoing response" date="2025-09-23T21:59:34.757" type="response" statusCode="202" statusText="Accepted" /><!-- duration: 9ms -->
</step><!-- duration: 697ms -->
