<step title="Incoming Request" date="2025-09-23T20:26:08.045" instance="eaaec8" url="/api/publish?async=true&amp;deployer=GITHUB_ONE_DEPLOY&amp;type=zip&amp;message=%7B%22type%22%3A%22deployment%22%2C%22sha%22%3A%22cda05dbf908970990b5f5a6c4b5814cec8487d78%22%2C%22repoName%22%3A%22GraKuba%2Fzela-website-prod%22%2C%22actor%22%3A%22GraKuba%22%2C%22slotName%22%3A%22Production%22%2C%22commitMessage%22%3A%22Fix%20Azure%20startup%20-%20handle%20directory%20structure%20correctly%22%7D" method="POST" type="request" pid="772,1,19" Host="app-zela-prod-bydye9czddhwgff2.scm.southafricanorth-01.azurewebsites.net" User-Agent="GITHUBACTIONS_DeployWebAppToAzure_b349df2cf252516c192149013447267a50b64d198cd5a05886d9cafdccf49604" Authorization="Bea..." Content-Type="application/octet-stream" Cookie="ARRAffinity=eaaec8baa01d5d22861a8f14a5883a5d77076ffd99485929fc98270ce7410f16;Path=/;HttpOnly;Secure;Domain=app-zela-prod-bydye9czddhwgff2.scm.southafricanorth-01.azurewebsites.net; ARRAffinitySameSite=eaaec8baa01d5d22861a8f14a5883a5d77076ffd99485929fc98270ce7410f16;Path=/;HttpOnly;SameSite=None;Secure;Domain=app-zela-prod-bydye9czddhwgff2.scm.southafricanorth-01.azurewebsites.net" Transfer-Encoding="chunked" X-ARR-LOG-ID="3f7a462e-5080-45db-a48f-7864bbaedeac" CLIENT-IP="68.220.60.7:41016" X-SITE-DEPLOYMENT-ID="app-zela-prod" WAS-DEFAULT-HOSTNAME="app-zela-prod-bydye9czddhwgff2.scm.southafricanorth-01.azurewebsites.net" X-Forwarded-Proto="https" X-AppService-Proto="https" X-Forwarded-TlsVersion="1.3" X-WAWS-Unencoded-URL="/api/publish?async=true&amp;deployer=GITHUB_ONE_DEPLOY&amp;type=zip&amp;message=%7B%22type%22%3A%22deployment%22%2C%22sha%22%3A%22cda05dbf908970990b5f5a6c4b5814cec8487d78%22%2C%22repoName%22%3A%22GraKuba%2Fzela-website-prod%22%2C%22actor%22%3A%22GraKuba%22%2C%22slotName%22%3A%22Production%22%2C%22commitMessage%22%3A%22Fix%20Azure%20startup%20-%20handle%20directory%20structure%20correctly%22%7D" X-Client-IP="68.220.60.7" X-Client-Port="41016" >
  <step title="Cleanup Xml Logs" date="2025-09-23T20:26:08.051" /><!-- duration: 5ms -->
  <step title="OneDeploy" date="2025-09-23T20:26:08.168" >
    <step title="None repository commit" date="2025-09-23T20:26:08.184" >
      <step title="Commit id: 2d5be918-264a-4bf9-ab71-efc63b544373" date="2025-09-23T20:26:08.187" Message="N/A" AuthorName="N/A" AuthorEmail="N/A" /><!-- duration: 2ms -->
    </step><!-- duration: 7ms -->
    <step title="Starting PushDeployAsync" date="2025-09-23T20:26:08.194" /><!-- duration: 2ms -->
    <step title="Writing artifact to /tmp/zipdeploy/60fb69ba-8141-4e15-80f2-65ac50426830.zip" date="2025-09-23T20:26:08.217" >
      <step title="Writing multipart request body to /tmp/zipdeploy/60fb69ba-8141-4e15-80f2-65ac50426830.zip" date="2025-09-23T20:26:08.232" /><!-- duration: 3ms -->
    </step><!-- duration: 8888ms -->
    <step title="Removing previous build artifact&apos;s manifest file" date="2025-09-23T20:26:17.113" >
      <step title="Start deployment in the background" date="2025-09-23T20:26:17.141" >
        <step title="Acquiring Deployment Lock" date="2025-09-23T20:26:17.180" /><!-- duration: 2ms -->
        <step title="Acquired Deployment Lock" date="2025-09-23T20:26:17.251" /><!-- duration: 2ms -->
      </step><!-- duration: 247ms -->
    </step><!-- duration: 289ms -->
    <step title="Outgoing response" date="2025-09-23T20:26:17.413" type="response" statusCode="202" statusText="Accepted" /><!-- duration: 6ms -->
  </step><!-- duration: 9260ms -->
