<step title="Incoming Request" date="2025-09-23T21:08:46.048" instance="eaaec8" url="/api/deployments/latest?deployer=OneDeploy&amp;time=2025-09-23_21-05-20Z" method="GET" type="request" pid="772,1,26" Host="app-zela-prod-bydye9czddhwgff2.scm.southafricanorth-01.azurewebsites.net" User-Agent="GITHUBACTIONS_DeployWebAppToAzure_b349df2cf252516c192149013447267a50b64d198cd5a05886d9cafdccf49604" Authorization="Bea..." Content-Type="application/json; charset=utf-8" Cookie="ARRAffinity=eaaec8baa01d5d22861a8f14a5883a5d77076ffd99485929fc98270ce7410f16;Path=/;HttpOnly;Secure;Domain=app-zela-prod-bydye9czddhwgff2.scm.southafricanorth-01.azurewebsites.net; ARRAffinitySameSite=eaaec8baa01d5d22861a8f14a5883a5d77076ffd99485929fc98270ce7410f16;Path=/;HttpOnly;SameSite=None;Secure;Domain=app-zela-prod-bydye9czddhwgff2.scm.southafricanorth-01.azurewebsites.net" Content-Length="0" X-ARR-LOG-ID="722dbecd-d4ca-449c-973f-0bce4fbb0d47" CLIENT-IP="135.119.132.149:47160" X-SITE-DEPLOYMENT-ID="app-zela-prod" WAS-DEFAULT-HOSTNAME="app-zela-prod-bydye9czddhwgff2.scm.southafricanorth-01.azurewebsites.net" X-Forwarded-Proto="https" X-AppService-Proto="https" X-Forwarded-TlsVersion="1.3" X-WAWS-Unencoded-URL="/api/deployments/latest?deployer=OneDeploy&amp;time=2025-09-23_21-05-20Z" X-Client-IP="135.119.132.149" X-Client-Port="47160" >
  <step title="Cleanup Xml Logs" date="2025-09-23T21:08:46.059" >
    <step title="Cleanup Infos" date="2025-09-23T21:08:46.087" totalFiles="212" totalCleanup="52" /><!-- duration: 11ms -->
  </step><!-- duration: 47ms -->
  <step title="DeploymentService.GetResult" date="2025-09-23T21:08:46.119" >
    <step title="DeploymentService.GetLatestDeployment" date="2025-09-23T21:08:46.125" >
      <step title="DeploymentManager.GetResults" date="2025-09-23T21:08:46.128" /><!-- duration: 386ms -->
    </step><!-- duration: 397ms -->
  </step><!-- duration: 412ms -->
  <step title="Outgoing response" date="2025-09-23T21:08:46.541" type="response" statusCode="202" statusText="Accepted" /><!-- duration: 8ms -->
</step><!-- duration: 504ms -->
