<step title="Incoming Request" date="2025-09-24T09:46:47.852" instance="eaaec8" url="/api/deployments/latest?deployer=OneDeploy&amp;time=2025-09-24_09-46-13Z" method="GET" type="request" pid="772,1,62" Host="app-zela-prod-bydye9czddhwgff2.scm.southafricanorth-01.azurewebsites.net" User-Agent="GITHUBACTIONS_DeployWebAppToAzure_b349df2cf252516c192149013447267a50b64d198cd5a05886d9cafdccf49604" Authorization="Bea..." Content-Type="application/json; charset=utf-8" Cookie="ARRAffinity=eaaec8baa01d5d22861a8f14a5883a5d77076ffd99485929fc98270ce7410f16;Path=/;HttpOnly;Secure;Domain=app-zela-prod-bydye9czddhwgff2.scm.southafricanorth-01.azurewebsites.net; ARRAffinitySameSite=eaaec8baa01d5d22861a8f14a5883a5d77076ffd99485929fc98270ce7410f16;Path=/;HttpOnly;SameSite=None;Secure;Domain=app-zela-prod-bydye9czddhwgff2.scm.southafricanorth-01.azurewebsites.net" Content-Length="0" X-ARR-LOG-ID="ac9503ae-f35f-4234-ac7e-a0ad8150a725" CLIENT-IP="4.246.135.3:49176" X-SITE-DEPLOYMENT-ID="app-zela-prod" WAS-DEFAULT-HOSTNAME="app-zela-prod-bydye9czddhwgff2.scm.southafricanorth-01.azurewebsites.net" X-Forwarded-Proto="https" X-AppService-Proto="https" X-Forwarded-TlsVersion="1.3" X-WAWS-Unencoded-URL="/api/deployments/latest?deployer=OneDeploy&amp;time=2025-09-24_09-46-13Z" X-Client-IP="4.246.135.3" X-Client-Port="49176" >
  <step title="Cleanup Xml Logs" date="2025-09-24T09:46:47.855" >
    <step title="Cleanup Infos" date="2025-09-24T09:46:47.876" totalFiles="320" totalCleanup="160" /><!-- duration: 2ms -->
  </step><!-- duration: 26ms -->
  <step title="DeploymentService.GetResult" date="2025-09-24T09:46:47.890" >
    <step title="DeploymentService.GetLatestDeployment" date="2025-09-24T09:46:47.892" >
      <step title="DeploymentManager.GetResults" date="2025-09-24T09:46:47.906" /><!-- duration: 1097ms -->
    </step><!-- duration: 1131ms -->
  </step><!-- duration: 1142ms -->
  <step title="Outgoing response" date="2025-09-24T09:46:49.035" type="response" statusCode="202" statusText="Accepted" /><!-- duration: 16ms -->
</step><!-- duration: 1202ms -->
