<step title="Incoming Request" date="2025-09-23T20:01:08.680" instance="eaaec8" url="/api/publish?async=true&amp;deployer=GITHUB_ONE_DEPLOY&amp;type=zip&amp;message=%7B%22type%22%3A%22deployment%22%2C%22sha%22%3A%224da94cb22d26b2f507400986442216b86d8374dd%22%2C%22repoName%22%3A%22GraKuba%2Fzela-website-prod%22%2C%22actor%22%3A%22GraKuba%22%2C%22slotName%22%3A%22Production%22%2C%22commitMessage%22%3A%22Force%20refresh%22%7D" method="POST" type="request" pid="768,1,7" Host="app-zela-prod-bydye9czddhwgff2.scm.southafricanorth-01.azurewebsites.net" User-Agent="GITHUBACTIONS_DeployWebAppToAzure_b349df2cf252516c192149013447267a50b64d198cd5a05886d9cafdccf49604" Authorization="Bea..." Content-Type="application/octet-stream" Cookie="ARRAffinity=eaaec8baa01d5d22861a8f14a5883a5d77076ffd99485929fc98270ce7410f16;Path=/;HttpOnly;Secure;Domain=app-zela-prod-bydye9czddhwgff2.scm.southafricanorth-01.azurewebsites.net; ARRAffinitySameSite=eaaec8baa01d5d22861a8f14a5883a5d77076ffd99485929fc98270ce7410f16;Path=/;HttpOnly;SameSite=None;Secure;Domain=app-zela-prod-bydye9czddhwgff2.scm.southafricanorth-01.azurewebsites.net" Transfer-Encoding="chunked" X-ARR-LOG-ID="4c822c29-23a3-4551-bbc6-a35b62ee939f" CLIENT-IP="145.132.100.83:20480" X-SITE-DEPLOYMENT-ID="app-zela-prod" WAS-DEFAULT-HOSTNAME="app-zela-prod-bydye9czddhwgff2.scm.southafricanorth-01.azurewebsites.net" X-Forwarded-Proto="https" X-AppService-Proto="https" X-Forwarded-TlsVersion="1.3" X-WAWS-Unencoded-URL="/api/publish?async=true&amp;deployer=GITHUB_ONE_DEPLOY&amp;type=zip&amp;message=%7B%22type%22%3A%22deployment%22%2C%22sha%22%3A%224da94cb22d26b2f507400986442216b86d8374dd%22%2C%22repoName%22%3A%22GraKuba%2Fzela-website-prod%22%2C%22actor%22%3A%22GraKuba%22%2C%22slotName%22%3A%22Production%22%2C%22commitMessage%22%3A%22Force%20refresh%22%7D" X-Client-IP="145.132.100.83" X-Client-Port="20480" >
  <step title="Cleanup Xml Logs" date="2025-09-23T20:01:08.683" /><!-- duration: 40ms -->
  <step title="OneDeploy" date="2025-09-23T20:01:08.848" >
    <step title="None repository commit" date="2025-09-23T20:01:08.861" >
      <step title="Commit id: cff020c4-08b5-4251-9eae-78f4f2d77d98" date="2025-09-23T20:01:08.866" Message="N/A" AuthorName="N/A" AuthorEmail="N/A" /><!-- duration: 6ms -->
    </step><!-- duration: 14ms -->
    <step title="Starting PushDeployAsync" date="2025-09-23T20:01:08.878" /><!-- duration: 2ms -->
    <step title="Writing artifact to /tmp/zipdeploy/482877a1-91b7-44c5-9fd5-a24458b52085.zip" date="2025-09-23T20:01:08.910" >
      <step title="Writing multipart request body to /tmp/zipdeploy/482877a1-91b7-44c5-9fd5-a24458b52085.zip" date="2025-09-23T20:01:08.914" /><!-- duration: 15ms -->
    </step><!-- duration: 6632ms -->
    <step title="Start deployment in the background" date="2025-09-23T20:01:15.563" >
      <step title="Acquiring Deployment Lock" date="2025-09-23T20:01:15.617" /><!-- duration: 39ms -->
      <step title="Acquired Deployment Lock" date="2025-09-23T20:01:15.835" /><!-- duration: 11ms -->
    </step><!-- duration: 675ms -->
  </step><!-- duration: 7559ms -->
  <step title="Outgoing response" date="2025-09-23T20:01:16.445" type="response" statusCode="202" statusText="Accepted" /><!-- duration: 10ms -->
</step><!-- duration: 7784ms -->
