<step title="Incoming Request" date="2025-09-23T20:43:19.288" instance="eaaec8" url="/api/publish?async=true&amp;deployer=GITHUB_ONE_DEPLOY&amp;type=zip&amp;message=%7B%22type%22%3A%22deployment%22%2C%22sha%22%3A%22c45b40224e22b1d821a9e98a11480fc1983ec3f3%22%2C%22repoName%22%3A%22GraKuba%2Fzela-website-prod%22%2C%22actor%22%3A%22GraKuba%22%2C%22slotName%22%3A%22Production%22%2C%22commitMessage%22%3A%22Permanent%20fix%20for%20Azure%20deployment%20-%20handle%20compressed%20output%20and%20startup%20issues%22%7D" method="POST" type="request" pid="772,1,34" Host="app-zela-prod-bydye9czddhwgff2.scm.southafricanorth-01.azurewebsites.net" User-Agent="GITHUBACTIONS_DeployWebAppToAzure_b349df2cf252516c192149013447267a50b64d198cd5a05886d9cafdccf49604" Authorization="Bea..." Content-Type="application/octet-stream" Cookie="ARRAffinity=eaaec8baa01d5d22861a8f14a5883a5d77076ffd99485929fc98270ce7410f16;Path=/;HttpOnly;Secure;Domain=app-zela-prod-bydye9czddhwgff2.scm.southafricanorth-01.azurewebsites.net; ARRAffinitySameSite=eaaec8baa01d5d22861a8f14a5883a5d77076ffd99485929fc98270ce7410f16;Path=/;HttpOnly;SameSite=None;Secure;Domain=app-zela-prod-bydye9czddhwgff2.scm.southafricanorth-01.azurewebsites.net" Transfer-Encoding="chunked" X-ARR-LOG-ID="3618d900-3e24-454d-bee2-8a31f02a0429" CLIENT-IP="68.220.62.245:52256" X-SITE-DEPLOYMENT-ID="app-zela-prod" WAS-DEFAULT-HOSTNAME="app-zela-prod-bydye9czddhwgff2.scm.southafricanorth-01.azurewebsites.net" X-Forwarded-Proto="https" X-AppService-Proto="https" X-Forwarded-TlsVersion="1.3" X-WAWS-Unencoded-URL="/api/publish?async=true&amp;deployer=GITHUB_ONE_DEPLOY&amp;type=zip&amp;message=%7B%22type%22%3A%22deployment%22%2C%22sha%22%3A%22c45b40224e22b1d821a9e98a11480fc1983ec3f3%22%2C%22repoName%22%3A%22GraKuba%2Fzela-website-prod%22%2C%22actor%22%3A%22GraKuba%22%2C%22slotName%22%3A%22Production%22%2C%22commitMessage%22%3A%22Permanent%20fix%20for%20Azure%20deployment%20-%20handle%20compressed%20output%20and%20startup%20issues%22%7D" X-Client-IP="68.220.62.245" X-Client-Port="52256" >
  <step title="Cleanup Xml Logs" date="2025-09-23T20:43:19.291" /><!-- duration: 6ms -->
  <step title="OneDeploy" date="2025-09-23T20:43:19.350" >
    <step title="Starting PushDeployAsync" date="2025-09-23T20:43:19.366" /><!-- duration: 2ms -->
    <step title="Writing artifact to /tmp/zipdeploy/a848f179-fa74-430b-9362-0589cd9d31cc.zip" date="2025-09-23T20:43:19.383" >
      <step title="Writing multipart request body to /tmp/zipdeploy/a848f179-fa74-430b-9362-0589cd9d31cc.zip" date="2025-09-23T20:43:19.403" /><!-- duration: 29ms -->
    </step><!-- duration: 8539ms -->
    <step title="Removing previous build artifact&apos;s manifest file" date="2025-09-23T20:43:27.937" >
      <step title="Start deployment in the background" date="2025-09-23T20:43:27.967" >
        <step title="Acquiring Deployment Lock" date="2025-09-23T20:43:27.997" /><!-- duration: 3ms -->
        <step title="Acquired Deployment Lock" date="2025-09-23T20:43:28.035" /><!-- duration: 3ms -->
      </step><!-- duration: 207ms -->
    </step><!-- duration: 244ms -->
    <step title="Outgoing response" date="2025-09-23T20:43:28.186" type="response" statusCode="202" statusText="Accepted" /><!-- duration: 2ms -->
  </step><!-- duration: 8840ms -->
