<step title="Incoming Request" date="2025-09-23T21:19:30.072" instance="eaaec8" url="/api/deployments/latest?deployer=OneDeploy&amp;time=2025-09-23_21-18-43Z" method="GET" type="request" pid="772,1,3" Host="app-zela-prod-bydye9czddhwgff2.scm.southafricanorth-01.azurewebsites.net" User-Agent="GITHUBACTIONS_DeployWebAppToAzure_b349df2cf252516c192149013447267a50b64d198cd5a05886d9cafdccf49604" Authorization="Bea..." Content-Type="application/json; charset=utf-8" Cookie="ARRAffinity=eaaec8baa01d5d22861a8f14a5883a5d77076ffd99485929fc98270ce7410f16;Path=/;HttpOnly;Secure;Domain=app-zela-prod-bydye9czddhwgff2.scm.southafricanorth-01.azurewebsites.net; ARRAffinitySameSite=eaaec8baa01d5d22861a8f14a5883a5d77076ffd99485929fc98270ce7410f16;Path=/;HttpOnly;SameSite=None;Secure;Domain=app-zela-prod-bydye9czddhwgff2.scm.southafricanorth-01.azurewebsites.net" Content-Length="0" X-ARR-LOG-ID="a12dee95-5b76-4098-95ea-4c63ce83aea2" CLIENT-IP="172.183.89.67:38942" X-SITE-DEPLOYMENT-ID="app-zela-prod" WAS-DEFAULT-HOSTNAME="app-zela-prod-bydye9czddhwgff2.scm.southafricanorth-01.azurewebsites.net" X-Forwarded-Proto="https" X-AppService-Proto="https" X-Forwarded-TlsVersion="1.3" X-WAWS-Unencoded-URL="/api/deployments/latest?deployer=OneDeploy&amp;time=2025-09-23_21-18-43Z" X-Client-IP="172.183.89.67" X-Client-Port="38942" >
  <step title="Cleanup Xml Logs" date="2025-09-23T21:19:30.074" >
    <step title="Cleanup Infos" date="2025-09-23T21:19:30.101" totalFiles="226" totalCleanup="66" /><!-- duration: 11ms -->
  </step><!-- duration: 48ms -->
  <step title="DeploymentService.GetResult" date="2025-09-23T21:19:30.142" >
    <step title="DeploymentService.GetLatestDeployment" date="2025-09-23T21:19:30.151" >
      <step title="DeploymentManager.GetResults" date="2025-09-23T21:19:30.171" /><!-- duration: 502ms -->
    </step><!-- duration: 525ms -->
  </step><!-- duration: 543ms -->
  <step title="Outgoing response" date="2025-09-23T21:19:30.712" type="response" statusCode="202" statusText="Accepted" /><!-- duration: 42ms -->
</step><!-- duration: 700ms -->
