<step title="Incoming Request" date="2025-09-23T21:58:30.778" instance="eaaec8" url="/api/deployments/latest?deployer=OneDeploy&amp;time=2025-09-23_21-57-40Z" method="GET" type="request" pid="772,1,45" Host="app-zela-prod-bydye9czddhwgff2.scm.southafricanorth-01.azurewebsites.net" User-Agent="GITHUBACTIONS_DeployWebAppToAzure_b349df2cf252516c192149013447267a50b64d198cd5a05886d9cafdccf49604" Authorization="Bea..." Content-Type="application/json; charset=utf-8" Cookie="ARRAffinity=eaaec8baa01d5d22861a8f14a5883a5d77076ffd99485929fc98270ce7410f16;Path=/;HttpOnly;Secure;Domain=app-zela-prod-bydye9czddhwgff2.scm.southafricanorth-01.azurewebsites.net; ARRAffinitySameSite=eaaec8baa01d5d22861a8f14a5883a5d77076ffd99485929fc98270ce7410f16;Path=/;HttpOnly;SameSite=None;Secure;Domain=app-zela-prod-bydye9czddhwgff2.scm.southafricanorth-01.azurewebsites.net" Content-Length="0" X-ARR-LOG-ID="9f36511f-46f7-437e-a079-095cc25ec244" CLIENT-IP="172.182.209.56:54338" X-SITE-DEPLOYMENT-ID="app-zela-prod" WAS-DEFAULT-HOSTNAME="app-zela-prod-bydye9czddhwgff2.scm.southafricanorth-01.azurewebsites.net" X-Forwarded-Proto="https" X-AppService-Proto="https" X-Forwarded-TlsVersion="1.3" X-WAWS-Unencoded-URL="/api/deployments/latest?deployer=OneDeploy&amp;time=2025-09-23_21-57-40Z" X-Client-IP="172.182.209.56" X-Client-Port="54338" >
  <step title="Cleanup Xml Logs" date="2025-09-23T21:58:30.786" >
    <step title="Cleanup Infos" date="2025-09-23T21:58:30.846" totalFiles="293" totalCleanup="133" /><!-- duration: 27ms -->
  </step><!-- duration: 98ms -->
  <step title="DeploymentService.GetResult" date="2025-09-23T21:58:30.929" >
    <step title="DeploymentService.GetLatestDeployment" date="2025-09-23T21:58:30.932" >
      <step title="DeploymentManager.GetResults" date="2025-09-23T21:58:30.940" /><!-- duration: 541ms -->
    </step><!-- duration: 577ms -->
  </step><!-- duration: 589ms -->
  <step title="Outgoing response" date="2025-09-23T21:58:31.537" type="response" statusCode="202" statusText="Accepted" /><!-- duration: 3ms -->
</step><!-- duration: 769ms -->
