﻿<?xml version="1.0" encoding="utf-8"?>
<deployment>
  <id>cfb9e126-d5b8-4714-8b3c-fd630a66f5b7</id>
  <author>N/A</author>
  <deployer>OneDeploy</deployer>
  <authorEmail>N/A</authorEmail>
  <message>OneDeploy</message>
  <progress></progress>
  <status>Success</status>
  <statusText></statusText>
  <lastSuccessEndTime>2025-09-23T21:21:43.0544391Z</lastSuccessEndTime>
  <receivedTime>2025-09-23T21:19:16.836214Z</receivedTime>
  <startTime>2025-09-23T21:19:18.1533632Z</startTime>
  <endTime>2025-09-23T21:21:43.0544391Z</endTime>
  <complete>True</complete>
  <is_temp>False</is_temp>
  <is_readonly>True</is_readonly>
  <buildSummary />
</deployment>