﻿<?xml version="1.0" encoding="utf-8"?>
<deployment>
  <id>f88c0116-1db3-4978-b8ac-c249c1030593</id>
  <author>N/A</author>
  <deployer>OneDeploy</deployer>
  <authorEmail>N/A</authorEmail>
  <message>OneDeploy</message>
  <progress></progress>
  <status>Success</status>
  <statusText></statusText>
  <lastSuccessEndTime>2025-09-24T09:49:34.2614702Z</lastSuccessEndTime>
  <receivedTime>2025-09-24T09:46:46.2551459Z</receivedTime>
  <startTime>2025-09-24T09:46:47.5877135Z</startTime>
  <endTime>2025-09-24T09:49:34.2614702Z</endTime>
  <complete>True</complete>
  <is_temp>False</is_temp>
  <is_readonly>True</is_readonly>
  <buildSummary />
</deployment>