﻿<?xml version="1.0" encoding="utf-8"?>
<deployment>
  <id>1529656f-f77c-471d-8fcd-cf13328e55d8</id>
  <author>N/A</author>
  <deployer>OneDeploy</deployer>
  <authorEmail>N/A</authorEmail>
  <message>OneDeploy</message>
  <progress></progress>
  <status>Success</status>
  <statusText></statusText>
  <lastSuccessEndTime>2025-09-23T22:00:39.8729279Z</lastSuccessEndTime>
  <receivedTime>2025-09-23T21:58:11.8921266Z</receivedTime>
  <startTime>2025-09-23T21:58:13.1707138Z</startTime>
  <endTime>2025-09-23T22:00:39.8729279Z</endTime>
  <complete>True</complete>
  <is_temp>False</is_temp>
  <is_readonly>True</is_readonly>
  <buildSummary />
</deployment>