﻿<?xml version="1.0" encoding="utf-8"?>
<deployment>
  <id>2d5be918-264a-4bf9-ab71-efc63b544373</id>
  <author>N/A</author>
  <deployer>OneDeploy</deployer>
  <authorEmail>N/A</authorEmail>
  <message>OneDeploy</message>
  <progress></progress>
  <status>Success</status>
  <statusText></statusText>
  <lastSuccessEndTime>2025-09-23T20:30:15.9547367Z</lastSuccessEndTime>
  <receivedTime>2025-09-23T20:26:51.9585769Z</receivedTime>
  <startTime>2025-09-23T20:26:53.4332189Z</startTime>
  <endTime>2025-09-23T20:30:15.9547367Z</endTime>
  <complete>True</complete>
  <is_temp>False</is_temp>
  <is_readonly>True</is_readonly>
  <buildSummary />
</deployment>