﻿<?xml version="1.0" encoding="utf-8"?>
<deployment>
  <id>788383eb-dc35-4cdf-8cb7-95711c843cfc</id>
  <author>N/A</author>
  <deployer>OneDeploy</deployer>
  <authorEmail>N/A</authorEmail>
  <message>OneDeploy</message>
  <progress></progress>
  <status>Success</status>
  <statusText></statusText>
  <lastSuccessEndTime>2025-09-23T21:09:07.9553353Z</lastSuccessEndTime>
  <receivedTime>2025-09-23T21:05:49.4362555Z</receivedTime>
  <startTime>2025-09-23T21:05:50.7848176Z</startTime>
  <endTime>2025-09-23T21:09:07.9553353Z</endTime>
  <complete>True</complete>
  <is_temp>False</is_temp>
  <is_readonly>True</is_readonly>
  <buildSummary />
</deployment>