﻿<?xml version="1.0" encoding="utf-8"?>
<deployment>
  <id>e7780c6d-d7d8-42f9-8788-e9b00ef054f9</id>
  <author>N/A</author>
  <deployer>OneDeploy</deployer>
  <authorEmail>N/A</authorEmail>
  <message>OneDeploy</message>
  <progress></progress>
  <status>Success</status>
  <statusText></statusText>
  <lastSuccessEndTime>2025-09-23T20:46:39.0956872Z</lastSuccessEndTime>
  <receivedTime>2025-09-23T20:43:55.0513584Z</receivedTime>
  <startTime>2025-09-23T20:43:56.6352547Z</startTime>
  <endTime>2025-09-23T20:46:39.0956872Z</endTime>
  <complete>True</complete>
  <is_temp>False</is_temp>
  <is_readonly>True</is_readonly>
  <buildSummary />
</deployment>