﻿<?xml version="1.0" encoding="utf-8"?>
<deployment>
  <id>cff020c4-08b5-4251-9eae-78f4f2d77d98</id>
  <author>N/A</author>
  <deployer>OneDeploy</deployer>
  <authorEmail>N/A</authorEmail>
  <message>OneDeploy</message>
  <progress></progress>
  <status>Success</status>
  <statusText></statusText>
  <lastSuccessEndTime>2025-09-23T20:05:31.2113253Z</lastSuccessEndTime>
  <receivedTime>2025-09-23T20:01:54.4274573Z</receivedTime>
  <startTime>2025-09-23T20:01:55.7963628Z</startTime>
  <endTime>2025-09-23T20:05:31.2113253Z</endTime>
  <complete>True</complete>
  <is_temp>False</is_temp>
  <is_readonly>True</is_readonly>
  <buildSummary />
</deployment>