<step title="Incoming Request" date="2025-09-23T21:32:22.479" instance="eaaec8" url="/api/deployments/latest?deployer=OneDeploy&amp;time=2025-09-23_21-31-39Z" method="GET" type="request" pid="772,1,36" Host="app-zela-prod-bydye9czddhwgff2.scm.southafricanorth-01.azurewebsites.net" User-Agent="GITHUBACTIONS_DeployWebAppToAzure_b349df2cf252516c192149013447267a50b64d198cd5a05886d9cafdccf49604" Authorization="Bea..." Content-Type="application/json; charset=utf-8" Cookie="ARRAffinity=eaaec8baa01d5d22861a8f14a5883a5d77076ffd99485929fc98270ce7410f16;Path=/;HttpOnly;Secure;Domain=app-zela-prod-bydye9czddhwgff2.scm.southafricanorth-01.azurewebsites.net; ARRAffinitySameSite=eaaec8baa01d5d22861a8f14a5883a5d77076ffd99485929fc98270ce7410f16;Path=/;HttpOnly;SameSite=None;Secure;Domain=app-zela-prod-bydye9czddhwgff2.scm.southafricanorth-01.azurewebsites.net" Content-Length="0" X-ARR-LOG-ID="e90d3955-63bc-4bfd-a821-ef5481e5967f" CLIENT-IP="20.98.18.68:3120" X-SITE-DEPLOYMENT-ID="app-zela-prod" WAS-DEFAULT-HOSTNAME="app-zela-prod-bydye9czddhwgff2.scm.southafricanorth-01.azurewebsites.net" X-Forwarded-Proto="https" X-AppService-Proto="https" X-Forwarded-TlsVersion="1.3" X-WAWS-Unencoded-URL="/api/deployments/latest?deployer=OneDeploy&amp;time=2025-09-23_21-31-39Z" X-Client-IP="20.98.18.68" X-Client-Port="3120" >
  <step title="Cleanup Xml Logs" date="2025-09-23T21:32:22.501" >
    <step title="Cleanup Infos" date="2025-09-23T21:32:22.578" totalFiles="254" totalCleanup="94" /><!-- duration: 40ms -->
  </step><!-- duration: 135ms -->
  <step title="DeploymentService.GetResult" date="2025-09-23T21:32:22.674" >
    <step title="DeploymentService.GetLatestDeployment" date="2025-09-23T21:32:22.685" >
      <step title="DeploymentManager.GetResults" date="2025-09-23T21:32:22.693" /><!-- duration: 1405ms -->
    </step><!-- duration: 1470ms -->
  </step><!-- duration: 1491ms -->
  <step title="Outgoing response" date="2025-09-23T21:32:24.174" type="response" statusCode="202" statusText="Accepted" /><!-- duration: 9ms -->
</step><!-- duration: 1713ms -->
