<step title="Incoming Request" date="2025-09-23T21:20:26.242" instance="eaaec8" url="/api/deployments/latest?deployer=OneDeploy&amp;time=2025-09-23_21-18-43Z" method="GET" type="request" pid="772,1,30" Host="app-zela-prod-bydye9czddhwgff2.scm.southafricanorth-01.azurewebsites.net" User-Agent="GITHUBACTIONS_DeployWebAppToAzure_b349df2cf252516c192149013447267a50b64d198cd5a05886d9cafdccf49604" Authorization="Bea..." Content-Type="application/json; charset=utf-8" Cookie="ARRAffinity=eaaec8baa01d5d22861a8f14a5883a5d77076ffd99485929fc98270ce7410f16;Path=/;HttpOnly;Secure;Domain=app-zela-prod-bydye9czddhwgff2.scm.southafricanorth-01.azurewebsites.net; ARRAffinitySameSite=eaaec8baa01d5d22861a8f14a5883a5d77076ffd99485929fc98270ce7410f16;Path=/;HttpOnly;SameSite=None;Secure;Domain=app-zela-prod-bydye9czddhwgff2.scm.southafricanorth-01.azurewebsites.net" Content-Length="0" X-ARR-LOG-ID="a67d3754-aaef-497a-a349-38f9e0a09c1e" CLIENT-IP="172.183.89.67:38949" X-SITE-DEPLOYMENT-ID="app-zela-prod" WAS-DEFAULT-HOSTNAME="app-zela-prod-bydye9czddhwgff2.scm.southafricanorth-01.azurewebsites.net" X-Forwarded-Proto="https" X-AppService-Proto="https" X-Forwarded-TlsVersion="1.3" X-WAWS-Unencoded-URL="/api/deployments/latest?deployer=OneDeploy&amp;time=2025-09-23_21-18-43Z" X-Client-IP="172.183.89.67" X-Client-Port="38949" >
  <step title="Cleanup Xml Logs" date="2025-09-23T21:20:26.270" >
    <step title="Cleanup Infos" date="2025-09-23T21:20:26.309" totalFiles="233" totalCleanup="73" /><!-- duration: 21ms -->
  </step><!-- duration: 69ms -->
  <step title="DeploymentService.GetResult" date="2025-09-23T21:20:26.360" >
    <step title="DeploymentService.GetLatestDeployment" date="2025-09-23T21:20:26.368" >
      <step title="DeploymentManager.GetResults" date="2025-09-23T21:20:26.377" /><!-- duration: 439ms -->
    </step><!-- duration: 456ms -->
  </step><!-- duration: 474ms -->
  <step title="Outgoing response" date="2025-09-23T21:20:26.853" type="response" statusCode="202" statusText="Accepted" /><!-- duration: 10ms -->
</step><!-- duration: 623ms -->
