<step title="Incoming Request" date="2025-09-23T21:20:42.608" instance="eaaec8" url="/api/deployments/latest?deployer=OneDeploy&amp;time=2025-09-23_21-18-43Z" method="GET" type="request" pid="772,1,30" Host="app-zela-prod-bydye9czddhwgff2.scm.southafricanorth-01.azurewebsites.net" User-Agent="GITHUBACTIONS_DeployWebAppToAzure_b349df2cf252516c192149013447267a50b64d198cd5a05886d9cafdccf49604" Authorization="Bea..." Content-Type="application/json; charset=utf-8" Cookie="ARRAffinity=eaaec8baa01d5d22861a8f14a5883a5d77076ffd99485929fc98270ce7410f16;Path=/;HttpOnly;Secure;Domain=app-zela-prod-bydye9czddhwgff2.scm.southafricanorth-01.azurewebsites.net; ARRAffinitySameSite=eaaec8baa01d5d22861a8f14a5883a5d77076ffd99485929fc98270ce7410f16;Path=/;HttpOnly;SameSite=None;Secure;Domain=app-zela-prod-bydye9czddhwgff2.scm.southafricanorth-01.azurewebsites.net" Content-Length="0" X-ARR-LOG-ID="f12ad9ed-363b-4939-ad15-ff67b9536e84" CLIENT-IP="172.183.89.67:38951" X-SITE-DEPLOYMENT-ID="app-zela-prod" WAS-DEFAULT-HOSTNAME="app-zela-prod-bydye9czddhwgff2.scm.southafricanorth-01.azurewebsites.net" X-Forwarded-Proto="https" X-AppService-Proto="https" X-Forwarded-TlsVersion="1.3" X-WAWS-Unencoded-URL="/api/deployments/latest?deployer=OneDeploy&amp;time=2025-09-23_21-18-43Z" X-Client-IP="172.183.89.67" X-Client-Port="38951" >
  <step title="Cleanup Xml Logs" date="2025-09-23T21:20:42.610" >
    <step title="Cleanup Infos" date="2025-09-23T21:20:42.622" totalFiles="235" totalCleanup="75" /><!-- duration: 3ms -->
  </step><!-- duration: 17ms -->
  <step title="DeploymentService.GetResult" date="2025-09-23T21:20:42.645" >
    <step title="DeploymentService.GetLatestDeployment" date="2025-09-23T21:20:42.653" >
      <step title="DeploymentManager.GetResults" date="2025-09-23T21:20:42.665" /><!-- duration: 521ms -->
    </step><!-- duration: 543ms -->
  </step><!-- duration: 569ms -->
  <step title="Outgoing response" date="2025-09-23T21:20:43.217" type="response" statusCode="202" statusText="Accepted" /><!-- duration: 8ms -->
</step><!-- duration: 620ms -->
