<step title="Incoming Request" date="2025-09-24T09:47:23.322" instance="eaaec8" url="/api/deployments/latest?deployer=OneDeploy&amp;time=2025-09-24_09-46-13Z" method="GET" type="request" pid="772,1,62" Host="app-zela-prod-bydye9czddhwgff2.scm.southafricanorth-01.azurewebsites.net" User-Agent="GITHUBACTIONS_DeployWebAppToAzure_b349df2cf252516c192149013447267a50b64d198cd5a05886d9cafdccf49604" Authorization="Bea..." Content-Type="application/json; charset=utf-8" Cookie="ARRAffinity=eaaec8baa01d5d22861a8f14a5883a5d77076ffd99485929fc98270ce7410f16;Path=/;HttpOnly;Secure;Domain=app-zela-prod-bydye9czddhwgff2.scm.southafricanorth-01.azurewebsites.net; ARRAffinitySameSite=eaaec8baa01d5d22861a8f14a5883a5d77076ffd99485929fc98270ce7410f16;Path=/;HttpOnly;SameSite=None;Secure;Domain=app-zela-prod-bydye9czddhwgff2.scm.southafricanorth-01.azurewebsites.net" Content-Length="0" X-ARR-LOG-ID="68fdcf0d-f8a5-4033-b40e-ccdef8bd2ceb" CLIENT-IP="4.246.135.3:49178" X-SITE-DEPLOYMENT-ID="app-zela-prod" WAS-DEFAULT-HOSTNAME="app-zela-prod-bydye9czddhwgff2.scm.southafricanorth-01.azurewebsites.net" X-Forwarded-Proto="https" X-AppService-Proto="https" X-Forwarded-TlsVersion="1.3" X-WAWS-Unencoded-URL="/api/deployments/latest?deployer=OneDeploy&amp;time=2025-09-24_09-46-13Z" X-Client-IP="4.246.135.3" X-Client-Port="49178" >
  <step title="Cleanup Xml Logs" date="2025-09-24T09:47:23.397" >
    <step title="Cleanup Infos" date="2025-09-24T09:47:23.436" totalFiles="325" totalCleanup="165" /><!-- duration: 10ms -->
  </step><!-- duration: 60ms -->
  <step title="DeploymentService.GetResult" date="2025-09-24T09:47:23.476" >
    <step title="DeploymentService.GetLatestDeployment" date="2025-09-24T09:47:23.502" >
      <step title="DeploymentManager.GetResults" date="2025-09-24T09:47:23.505" /><!-- duration: 1208ms -->
    </step><!-- duration: 1222ms -->
  </step><!-- duration: 1288ms -->
  <step title="Outgoing response" date="2025-09-24T09:47:24.830" type="response" statusCode="202" statusText="Accepted" /><!-- duration: 64ms -->
</step><!-- duration: 1581ms -->
