<step title="Incoming Request" date="2025-09-23T21:31:31.715" instance="eaaec8" url="/api/publish?async=true&amp;deployer=GITHUB_ONE_DEPLOY&amp;type=zip&amp;message=%7B%22type%22%3A%22deployment%22%2C%22sha%22%3A%22c8170c47ff72f035203f8f1c11b527b569d5ad2c%22%2C%22repoName%22%3A%22GraKuba%2Fzela-website-prod%22%2C%22actor%22%3A%22GraKuba%22%2C%22slotName%22%3A%22Production%22%2C%22commitMessage%22%3A%22Force%20refresh%22%7D" method="POST" type="request" pid="772,1,44" Host="app-zela-prod-bydye9czddhwgff2.scm.southafricanorth-01.azurewebsites.net" User-Agent="GITHUBACTIONS_DeployWebAppToAzure_b349df2cf252516c192149013447267a50b64d198cd5a05886d9cafdccf49604" Authorization="Bea..." Content-Type="application/octet-stream" Cookie="ARRAffinity=eaaec8baa01d5d22861a8f14a5883a5d77076ffd99485929fc98270ce7410f16;Path=/;HttpOnly;Secure;Domain=app-zela-prod-bydye9czddhwgff2.scm.southafricanorth-01.azurewebsites.net; ARRAffinitySameSite=eaaec8baa01d5d22861a8f14a5883a5d77076ffd99485929fc98270ce7410f16;Path=/;HttpOnly;SameSite=None;Secure;Domain=app-zela-prod-bydye9czddhwgff2.scm.southafricanorth-01.azurewebsites.net" Transfer-Encoding="chunked" X-ARR-LOG-ID="c3e5b00d-a261-481f-ae5a-d05f33c77a7e" CLIENT-IP="20.98.18.68:3120" X-SITE-DEPLOYMENT-ID="app-zela-prod" WAS-DEFAULT-HOSTNAME="app-zela-prod-bydye9czddhwgff2.scm.southafricanorth-01.azurewebsites.net" X-Forwarded-Proto="https" X-AppService-Proto="https" X-Forwarded-TlsVersion="1.3" X-WAWS-Unencoded-URL="/api/publish?async=true&amp;deployer=GITHUB_ONE_DEPLOY&amp;type=zip&amp;message=%7B%22type%22%3A%22deployment%22%2C%22sha%22%3A%22c8170c47ff72f035203f8f1c11b527b569d5ad2c%22%2C%22repoName%22%3A%22GraKuba%2Fzela-website-prod%22%2C%22actor%22%3A%22GraKuba%22%2C%22slotName%22%3A%22Production%22%2C%22commitMessage%22%3A%22Force%20refresh%22%7D" X-Client-IP="20.98.18.68" X-Client-Port="3120" >
  <step title="Cleanup Xml Logs" date="2025-09-23T21:31:31.719" >
    <step title="Cleanup Infos" date="2025-09-23T21:31:31.735" totalFiles="246" totalCleanup="86" /><!-- duration: 18ms -->
  </step><!-- duration: 36ms -->
  <step title="OneDeploy" date="2025-09-23T21:31:31.816" >
    <step title="Starting PushDeployAsync" date="2025-09-23T21:31:31.876" /><!-- duration: 3ms -->
    <step title="Writing artifact to /tmp/zipdeploy/231a164a-2c78-4859-811c-57f9e3ef9b65.zip" date="2025-09-23T21:31:31.915" >
      <step title="Writing multipart request body to /tmp/zipdeploy/231a164a-2c78-4859-811c-57f9e3ef9b65.zip" date="2025-09-23T21:31:32.582" /><!-- duration: 2ms -->
    </step><!-- duration: 7141ms -->
    <step title="Removing previous build artifact&apos;s manifest file" date="2025-09-23T21:31:39.068" >
      <step title="Start deployment in the background" date="2025-09-23T21:31:39.094" >
        <step title="Acquiring Deployment Lock" date="2025-09-23T21:31:39.167" /><!-- duration: 3ms -->
        <step title="Acquired Deployment Lock" date="2025-09-23T21:31:39.198" /><!-- duration: 2ms -->
      </step><!-- duration: 219ms -->
    </step><!-- duration: 259ms -->
    <step title="Outgoing response" date="2025-09-23T21:31:39.334" type="response" statusCode="202" statusText="Accepted" /><!-- duration: 3ms -->
  </step><!-- duration: 7522ms -->
