<step title="Incoming Request" date="2025-09-23T21:18:35.855" instance="eaaec8" url="/api/publish?async=true&amp;deployer=GITHUB_ONE_DEPLOY&amp;type=zip&amp;message=%7B%22type%22%3A%22deployment%22%2C%22sha%22%3A%22fca963461ca4d4c558cd3d69b195bf244cdedb06%22%2C%22repoName%22%3A%22GraKuba%2Fzela-website-prod%22%2C%22actor%22%3A%22GraKuba%22%2C%22slotName%22%3A%22Production%22%2C%22commitMessage%22%3A%22Force%20refresh%22%7D" method="POST" type="request" pid="772,1,41" Host="app-zela-prod-bydye9czddhwgff2.scm.southafricanorth-01.azurewebsites.net" User-Agent="GITHUBACTIONS_DeployWebAppToAzure_b349df2cf252516c192149013447267a50b64d198cd5a05886d9cafdccf49604" Authorization="Bea..." Content-Type="application/octet-stream" Cookie="ARRAffinity=eaaec8baa01d5d22861a8f14a5883a5d77076ffd99485929fc98270ce7410f16;Path=/;HttpOnly;Secure;Domain=app-zela-prod-bydye9czddhwgff2.scm.southafricanorth-01.azurewebsites.net; ARRAffinitySameSite=eaaec8baa01d5d22861a8f14a5883a5d77076ffd99485929fc98270ce7410f16;Path=/;HttpOnly;SameSite=None;Secure;Domain=app-zela-prod-bydye9czddhwgff2.scm.southafricanorth-01.azurewebsites.net" Transfer-Encoding="chunked" X-ARR-LOG-ID="300aee20-eae0-4e50-a9b2-d4b980024271" CLIENT-IP="172.183.89.67:38937" X-SITE-DEPLOYMENT-ID="app-zela-prod" WAS-DEFAULT-HOSTNAME="app-zela-prod-bydye9czddhwgff2.scm.southafricanorth-01.azurewebsites.net" X-Forwarded-Proto="https" X-AppService-Proto="https" X-Forwarded-TlsVersion="1.3" X-WAWS-Unencoded-URL="/api/publish?async=true&amp;deployer=GITHUB_ONE_DEPLOY&amp;type=zip&amp;message=%7B%22type%22%3A%22deployment%22%2C%22sha%22%3A%22fca963461ca4d4c558cd3d69b195bf244cdedb06%22%2C%22repoName%22%3A%22GraKuba%2Fzela-website-prod%22%2C%22actor%22%3A%22GraKuba%22%2C%22slotName%22%3A%22Production%22%2C%22commitMessage%22%3A%22Force%20refresh%22%7D" X-Client-IP="172.183.89.67" X-Client-Port="38937" >
  <step title="Cleanup Xml Logs" date="2025-09-23T21:18:35.861" >
    <step title="Cleanup Infos" date="2025-09-23T21:18:35.871" totalFiles="218" totalCleanup="58" /><!-- duration: 4ms -->
  </step><!-- duration: 16ms -->
  <step title="OneDeploy" date="2025-09-23T21:18:35.913" >
    <step title="Starting PushDeployAsync" date="2025-09-23T21:18:35.929" /><!-- duration: 2ms -->
    <step title="Writing artifact to /tmp/zipdeploy/f3e911a0-e3cf-449b-91f8-e9b269c36e2d.zip" date="2025-09-23T21:18:35.961" >
      <step title="Writing multipart request body to /tmp/zipdeploy/f3e911a0-e3cf-449b-91f8-e9b269c36e2d.zip" date="2025-09-23T21:18:35.966" /><!-- duration: 3ms -->
    </step><!-- duration: 6803ms -->
    <step title="Removing previous build artifact&apos;s manifest file" date="2025-09-23T21:18:42.782" >
      <step title="Start deployment in the background" date="2025-09-23T21:18:42.804" >
        <step title="Acquiring Deployment Lock" date="2025-09-23T21:18:42.859" /><!-- duration: 3ms -->
        <step title="Acquired Deployment Lock" date="2025-09-23T21:18:42.892" /><!-- duration: 2ms -->
      </step><!-- duration: 276ms -->
    </step><!-- duration: 312ms -->
    <step title="Outgoing response" date="2025-09-23T21:18:43.099" type="response" statusCode="202" statusText="Accepted" /><!-- duration: 2ms -->
  </step><!-- duration: 7191ms -->
