<step title="BackgroundTrace" date="2025-09-23T20:43:27.971" instance="eaaec8" url="/api/publish" method="POST" >
  <step title="Cleanup Xml Logs" date="2025-09-23T20:43:27.976" /><!-- duration: 14ms -->
  <step title="Creating temporary deployment - FetchDeploymentManager" date="2025-09-23T20:43:28.040" /><!-- duration: 6ms -->
  <step title="Creating temporary deployment" date="2025-09-23T20:43:28.051" /><!-- duration: 119ms -->
  <step title="Performing fetch based deployment" date="2025-09-23T20:43:28.200" >
    <step title="Cleaning up temp folders from previous zip deployments and extracting pushed zip file /tmp/zipdeploy/a848f179-fa74-430b-9362-0589cd9d31cc.zip (89.88 MB) to /tmp/zipdeploy/extracted" date="2025-09-23T20:43:29.414" >
      <step title="ChmodRecursive Process exited with total time taken in ms: 195" date="2025-09-23T20:43:52.910" /><!-- duration: 8ms -->
    </step><!-- duration: 23514ms -->
    <step title="Deployment timer started" date="2025-09-23T20:43:54.981" >
      <step title="DeploymentManager.Deploy(id:e7780c6d-d7d8-42f9-8788-e9b00ef054f9)" date="2025-09-23T20:43:55.009" >
        <step title="Collecting changeset information" date="2025-09-23T20:43:55.017" /><!-- duration: 158ms -->
        <step title="Updating submodules" date="2025-09-23T20:43:55.194" /><!-- duration: 1199ms -->
        <step title="Determining deployment builder" date="2025-09-23T20:43:56.757" >
          <step title="Builder is OryxBuilder" date="2025-09-23T20:43:56.836" /><!-- duration: 19ms -->
        </step><!-- duration: 117ms -->
        <step title="PreDeployment: context.CleanOutputPath False" date="2025-09-23T20:43:57.000" >
          <step title="PreDeployment: context.OutputPath /home/site/wwwroot" date="2025-09-23T20:43:57.172" >
            <step title="Building" date="2025-09-23T20:43:57.431" >
              <step title="Executing external process" date="2025-09-23T20:43:57.856" type="process" path="bash" arguments="-c &quot;oryx build /tmp/zipdeploy/extracted -o /home/site/wwwroot --platform python --platform-version 3.11 -p virtualenv_name=antenv --log-file /tmp/build-debug.log  -i /tmp/8ddfae1eaba2cb4 --compress-destination-dir | tee /tmp/oryx-build.log ; exit $PIPESTATUS &quot;" >
                <step title="Cpu: gzip(1430,29.280s)+sh(1429,0.000s)+tar(1428,4.960s)+build.sh(1313,0.030s)+oryx(1291,8.650s)+tee(1292,0.000s)+bash(1290,0.000s)=total(42.910s)" date="2025-09-23T20:46:30.781" /><!-- duration: 38ms -->
                <step title="bash: no io activity for 61s, prev-cpu=-1.000s, current-cpu=42.910s" date="2025-09-23T20:46:30.837" /><!-- duration: 18ms -->
              </step><!-- duration: 159084ms -->
              <step title="Using PythonDeploymentLogParser" date="2025-09-23T20:46:37.310" /><!-- duration: 7ms -->
              <step title="Modified file to trigger a restart of the app container." date="2025-09-23T20:46:38.454" /><!-- duration: 2ms -->
              <step title="Skip function trigger and logicapp sync because function is not enabled." date="2025-09-23T20:46:38.460" /><!-- duration: 5ms -->
            </step><!-- duration: 162020ms -->
          </step><!-- duration: 162283ms -->
          <step title="Cleaning up temp files" date="2025-09-23T20:46:39.457" /><!-- duration: 7535ms -->
          <step title="Cleaning up temp files" date="2025-09-23T20:46:46.996" /><!-- duration: 515ms -->
          <step title="Reloading status file with latest updates" date="2025-09-23T20:46:47.531" >
            <step title="WebHooksManager.PublishEventAsync: PostDeployment" date="2025-09-23T20:46:47.548" /><!-- duration: 44ms -->
          </step><!-- duration: 63ms -->
          <step title="Cleaning up temporary deployment - fetch deployment was successful" date="2025-09-23T20:46:47.602" /><!-- duration: 3ms -->
        </step><!-- duration: 170708ms -->
      </step><!-- duration: 172714ms -->
