<step title="BackgroundTrace" date="2025-09-24T09:46:13.723" instance="eaaec8" url="/api/publish" method="POST" >
  <step title="Cleanup Xml Logs" date="2025-09-24T09:46:13.746" >
    <step title="Cleanup Infos" date="2025-09-24T09:46:13.762" totalFiles="315" totalCleanup="155" /><!-- duration: 4ms -->
  </step><!-- duration: 23ms -->
  <step title="Creating temporary deployment - FetchDeploymentManager" date="2025-09-24T09:46:13.843" /><!-- duration: 2ms -->
  <step title="Creating temporary deployment" date="2025-09-24T09:46:13.849" /><!-- duration: 112ms -->
  <step title="Performing fetch based deployment" date="2025-09-24T09:46:14.013" >
    <step title="Cleaning up temp folders from previous zip deployments and extracting pushed zip file /tmp/zipdeploy/df377a22-b847-4039-b192-2e057b64c768.zip (87.62 MB) to /tmp/zipdeploy/extracted" date="2025-09-24T09:46:15.370" >
      <step title="ChmodRecursive Process exited with total time taken in ms: 353" date="2025-09-24T09:46:44.015" /><!-- duration: 2ms -->
    </step><!-- duration: 28729ms -->
    <step title="Deployment timer started" date="2025-09-24T09:46:46.116" >
      <step title="DeploymentManager.Deploy(id:f88c0116-1db3-4978-b8ac-c249c1030593)" date="2025-09-24T09:46:46.135" >
        <step title="Collecting changeset information" date="2025-09-24T09:46:46.165" /><!-- duration: 135ms -->
        <step title="Updating submodules" date="2025-09-24T09:46:46.305" /><!-- duration: 1110ms -->
        <step title="Determining deployment builder" date="2025-09-24T09:46:47.655" >
          <step title="Builder is OryxBuilder" date="2025-09-24T09:46:47.709" /><!-- duration: 7ms -->
        </step><!-- duration: 66ms -->
        <step title="PreDeployment: context.CleanOutputPath False" date="2025-09-24T09:46:47.801" >
          <step title="PreDeployment: context.OutputPath /home/site/wwwroot" date="2025-09-24T09:46:47.930" >
            <step title="Building" date="2025-09-24T09:46:48.073" >
              <step title="Executing external process" date="2025-09-24T09:46:48.484" type="process" path="bash" arguments="-c &quot;oryx build /tmp/zipdeploy/extracted -o /home/site/wwwroot --platform python --platform-version 3.11 -p virtualenv_name=antenv --log-file /tmp/build-debug.log  -i /tmp/8ddfb4f4783b3f6 --compress-destination-dir | tee /tmp/oryx-build.log ; exit $PIPESTATUS &quot;" /><!-- duration: 163662ms -->
              <step title="Using PythonDeploymentLogParser" date="2025-09-24T09:49:32.633" /><!-- duration: 29ms -->
              <step title="Modified file to trigger a restart of the app container." date="2025-09-24T09:49:33.860" /><!-- duration: 4ms -->
              <step title="Skip function trigger and logicapp sync because function is not enabled." date="2025-09-24T09:49:33.880" /><!-- duration: 8ms -->
            </step><!-- duration: 166731ms -->
          </step><!-- duration: 166880ms -->
          <step title="Cleaning up temp files" date="2025-09-24T09:49:34.812" /><!-- duration: 7274ms -->
          <step title="Cleaning up temp files" date="2025-09-24T09:49:42.090" /><!-- duration: 510ms -->
          <step title="Reloading status file with latest updates" date="2025-09-24T09:49:42.619" >
            <step title="WebHooksManager.PublishEventAsync: PostDeployment" date="2025-09-24T09:49:42.628" /><!-- duration: 82ms -->
          </step><!-- duration: 92ms -->
          <step title="Cleaning up temporary deployment - fetch deployment was successful" date="2025-09-24T09:49:42.718" /><!-- duration: 2ms -->
        </step><!-- duration: 174968ms -->
      </step><!-- duration: 176647ms -->
