<step title="Incoming Request" date="2025-09-23T21:20:56.094" instance="eaaec8" url="/api/deployments/latest?deployer=OneDeploy&amp;time=2025-09-23_21-18-43Z" method="GET" type="request" pid="772,1,32" Host="app-zela-prod-bydye9czddhwgff2.scm.southafricanorth-01.azurewebsites.net" User-Agent="GITHUBACTIONS_DeployWebAppToAzure_b349df2cf252516c192149013447267a50b64d198cd5a05886d9cafdccf49604" Authorization="Bea..." Content-Type="application/json; charset=utf-8" Cookie="ARRAffinity=eaaec8baa01d5d22861a8f14a5883a5d77076ffd99485929fc98270ce7410f16;Path=/;HttpOnly;Secure;Domain=app-zela-prod-bydye9czddhwgff2.scm.southafricanorth-01.azurewebsites.net; ARRAffinitySameSite=eaaec8baa01d5d22861a8f14a5883a5d77076ffd99485929fc98270ce7410f16;Path=/;HttpOnly;SameSite=None;Secure;Domain=app-zela-prod-bydye9czddhwgff2.scm.southafricanorth-01.azurewebsites.net" Content-Length="0" X-ARR-LOG-ID="5c0da18b-51e2-434b-bcc8-312b17458b13" CLIENT-IP="172.183.89.67:38953" X-SITE-DEPLOYMENT-ID="app-zela-prod" WAS-DEFAULT-HOSTNAME="app-zela-prod-bydye9czddhwgff2.scm.southafricanorth-01.azurewebsites.net" X-Forwarded-Proto="https" X-AppService-Proto="https" X-Forwarded-TlsVersion="1.3" X-WAWS-Unencoded-URL="/api/deployments/latest?deployer=OneDeploy&amp;time=2025-09-23_21-18-43Z" X-Client-IP="172.183.89.67" X-Client-Port="38953" >
  <step title="Cleanup Xml Logs" date="2025-09-23T21:20:56.097" >
    <step title="Cleanup Infos" date="2025-09-23T21:20:56.152" totalFiles="237" totalCleanup="77" /><!-- duration: 11ms -->
  </step><!-- duration: 77ms -->
  <step title="DeploymentService.GetResult" date="2025-09-23T21:20:56.198" >
    <step title="DeploymentService.GetLatestDeployment" date="2025-09-23T21:20:56.200" >
      <step title="DeploymentManager.GetResults" date="2025-09-23T21:20:56.209" /><!-- duration: 493ms -->
    </step><!-- duration: 531ms -->
  </step><!-- duration: 560ms -->
  <step title="Outgoing response" date="2025-09-23T21:20:56.776" type="response" statusCode="202" statusText="Accepted" /><!-- duration: 4ms -->
</step><!-- duration: 703ms -->
