<step title="Incoming Request" date="2025-09-23T21:33:40.917" instance="eaaec8" url="/api/deployments/latest?deployer=OneDeploy&amp;time=2025-09-23_21-31-39Z" method="GET" type="request" pid="772,1,5" Host="app-zela-prod-bydye9czddhwgff2.scm.southafricanorth-01.azurewebsites.net" User-Agent="GITHUBACTIONS_DeployWebAppToAzure_b349df2cf252516c192149013447267a50b64d198cd5a05886d9cafdccf49604" Authorization="Bea..." Content-Type="application/json; charset=utf-8" Cookie="ARRAffinity=eaaec8baa01d5d22861a8f14a5883a5d77076ffd99485929fc98270ce7410f16;Path=/;HttpOnly;Secure;Domain=app-zela-prod-bydye9czddhwgff2.scm.southafricanorth-01.azurewebsites.net; ARRAffinitySameSite=eaaec8baa01d5d22861a8f14a5883a5d77076ffd99485929fc98270ce7410f16;Path=/;HttpOnly;SameSite=None;Secure;Domain=app-zela-prod-bydye9czddhwgff2.scm.southafricanorth-01.azurewebsites.net" Content-Length="0" X-ARR-LOG-ID="b477da6c-3193-493f-b1c7-89fdb2e8703e" CLIENT-IP="20.98.18.68:3122" X-SITE-DEPLOYMENT-ID="app-zela-prod" WAS-DEFAULT-HOSTNAME="app-zela-prod-bydye9czddhwgff2.scm.southafricanorth-01.azurewebsites.net" X-Forwarded-Proto="https" X-AppService-Proto="https" X-Forwarded-TlsVersion="1.3" X-WAWS-Unencoded-URL="/api/deployments/latest?deployer=OneDeploy&amp;time=2025-09-23_21-31-39Z" X-Client-IP="20.98.18.68" X-Client-Port="3122" >
  <step title="Cleanup Xml Logs" date="2025-09-23T21:33:40.919" >
    <step title="Cleanup Infos" date="2025-09-23T21:33:40.965" totalFiles="265" totalCleanup="105" /><!-- duration: 4ms -->
  </step><!-- duration: 57ms -->
  <step title="DeploymentService.GetResult" date="2025-09-23T21:33:40.987" >
    <step title="DeploymentService.GetLatestDeployment" date="2025-09-23T21:33:40.995" >
      <step title="DeploymentManager.GetResults" date="2025-09-23T21:33:40.998" /><!-- duration: 570ms -->
    </step><!-- duration: 583ms -->
  </step><!-- duration: 600ms -->
  <step title="Outgoing response" date="2025-09-23T21:33:41.596" type="response" statusCode="202" statusText="Accepted" /><!-- duration: 9ms -->
</step><!-- duration: 708ms -->
