<step title="Incoming Request" date="2025-09-23T22:00:09.268" instance="eaaec8" url="/api/deployments/latest?deployer=OneDeploy&amp;time=2025-09-23_21-57-40Z" method="GET" type="request" pid="772,1,15" Host="app-zela-prod-bydye9czddhwgff2.scm.southafricanorth-01.azurewebsites.net" User-Agent="GITHUBACTIONS_DeployWebAppToAzure_b349df2cf252516c192149013447267a50b64d198cd5a05886d9cafdccf49604" Authorization="Bea..." Content-Type="application/json; charset=utf-8" Cookie="ARRAffinity=eaaec8baa01d5d22861a8f14a5883a5d77076ffd99485929fc98270ce7410f16;Path=/;HttpOnly;Secure;Domain=app-zela-prod-bydye9czddhwgff2.scm.southafricanorth-01.azurewebsites.net; ARRAffinitySameSite=eaaec8baa01d5d22861a8f14a5883a5d77076ffd99485929fc98270ce7410f16;Path=/;HttpOnly;SameSite=None;Secure;Domain=app-zela-prod-bydye9czddhwgff2.scm.southafricanorth-01.azurewebsites.net" Content-Length="0" X-ARR-LOG-ID="bd11a589-2c99-42c2-b074-9fafd7fba997" CLIENT-IP="172.182.209.56:54338" X-SITE-DEPLOYMENT-ID="app-zela-prod" WAS-DEFAULT-HOSTNAME="app-zela-prod-bydye9czddhwgff2.scm.southafricanorth-01.azurewebsites.net" X-Forwarded-Proto="https" X-AppService-Proto="https" X-Forwarded-TlsVersion="1.3" X-WAWS-Unencoded-URL="/api/deployments/latest?deployer=OneDeploy&amp;time=2025-09-23_21-57-40Z" X-Client-IP="172.182.209.56" X-Client-Port="54338" >
  <step title="Cleanup Xml Logs" date="2025-09-23T22:00:09.276" >
    <step title="Cleanup Infos" date="2025-09-23T22:00:09.345" totalFiles="307" totalCleanup="147" /><!-- duration: 40ms -->
  </step><!-- duration: 146ms -->
  <step title="DeploymentService.GetResult" date="2025-09-23T22:00:09.484" >
    <step title="DeploymentService.GetLatestDeployment" date="2025-09-23T22:00:09.504" >
      <step title="DeploymentManager.GetResults" date="2025-09-23T22:00:09.559" /><!-- duration: 1038ms -->
    </step><!-- duration: 1123ms -->
  </step><!-- duration: 1161ms -->
  <step title="Outgoing response" date="2025-09-23T22:00:10.664" type="response" statusCode="202" statusText="Accepted" /><!-- duration: 19ms -->
</step><!-- duration: 1417ms -->
