<step title="Incoming Request" date="2025-09-23T21:08:39.701" instance="eaaec8" url="/api/deployments/latest?deployer=OneDeploy&amp;time=2025-09-23_21-05-20Z" method="GET" type="request" pid="772,1,26" Host="app-zela-prod-bydye9czddhwgff2.scm.southafricanorth-01.azurewebsites.net" User-Agent="GITHUBACTIONS_DeployWebAppToAzure_b349df2cf252516c192149013447267a50b64d198cd5a05886d9cafdccf49604" Authorization="Bea..." Content-Type="application/json; charset=utf-8" Cookie="ARRAffinity=eaaec8baa01d5d22861a8f14a5883a5d77076ffd99485929fc98270ce7410f16;Path=/;HttpOnly;Secure;Domain=app-zela-prod-bydye9czddhwgff2.scm.southafricanorth-01.azurewebsites.net; ARRAffinitySameSite=eaaec8baa01d5d22861a8f14a5883a5d77076ffd99485929fc98270ce7410f16;Path=/;HttpOnly;SameSite=None;Secure;Domain=app-zela-prod-bydye9czddhwgff2.scm.southafricanorth-01.azurewebsites.net" Content-Length="0" X-ARR-LOG-ID="a6d4fd62-7b72-4d81-93d2-26561c5d711b" CLIENT-IP="135.119.132.149:47162" X-SITE-DEPLOYMENT-ID="app-zela-prod" WAS-DEFAULT-HOSTNAME="app-zela-prod-bydye9czddhwgff2.scm.southafricanorth-01.azurewebsites.net" X-Forwarded-Proto="https" X-AppService-Proto="https" X-Forwarded-TlsVersion="1.3" X-WAWS-Unencoded-URL="/api/deployments/latest?deployer=OneDeploy&amp;time=2025-09-23_21-05-20Z" X-Client-IP="135.119.132.149" X-Client-Port="47162" >
  <step title="Cleanup Xml Logs" date="2025-09-23T21:08:39.703" >
    <step title="Cleanup Infos" date="2025-09-23T21:08:39.721" totalFiles="211" totalCleanup="51" /><!-- duration: 8ms -->
  </step><!-- duration: 29ms -->
  <step title="DeploymentService.GetResult" date="2025-09-23T21:08:39.768" >
    <step title="DeploymentService.GetLatestDeployment" date="2025-09-23T21:08:39.770" >
      <step title="DeploymentManager.GetResults" date="2025-09-23T21:08:39.774" /><!-- duration: 278ms -->
    </step><!-- duration: 289ms -->
  </step><!-- duration: 293ms -->
  <step title="Outgoing response" date="2025-09-23T21:08:40.109" type="response" statusCode="202" statusText="Accepted" /><!-- duration: 9ms -->
</step><!-- duration: 419ms -->
