<step title="Incoming Request" date="2025-09-23T21:08:00.170" instance="eaaec8" url="/api/deployments/latest?deployer=OneDeploy&amp;time=2025-09-23_21-05-20Z" method="GET" type="request" pid="772,1,45" Host="app-zela-prod-bydye9czddhwgff2.scm.southafricanorth-01.azurewebsites.net" User-Agent="GITHUBACTIONS_DeployWebAppToAzure_b349df2cf252516c192149013447267a50b64d198cd5a05886d9cafdccf49604" Authorization="Bea..." Content-Type="application/json; charset=utf-8" Cookie="ARRAffinity=eaaec8baa01d5d22861a8f14a5883a5d77076ffd99485929fc98270ce7410f16;Path=/;HttpOnly;Secure;Domain=app-zela-prod-bydye9czddhwgff2.scm.southafricanorth-01.azurewebsites.net; ARRAffinitySameSite=eaaec8baa01d5d22861a8f14a5883a5d77076ffd99485929fc98270ce7410f16;Path=/;HttpOnly;SameSite=None;Secure;Domain=app-zela-prod-bydye9czddhwgff2.scm.southafricanorth-01.azurewebsites.net" Content-Length="0" X-ARR-LOG-ID="65bd5091-dc75-4d65-9a70-276b155b9e09" CLIENT-IP="135.119.132.149:47162" X-SITE-DEPLOYMENT-ID="app-zela-prod" WAS-DEFAULT-HOSTNAME="app-zela-prod-bydye9czddhwgff2.scm.southafricanorth-01.azurewebsites.net" X-Forwarded-Proto="https" X-AppService-Proto="https" X-Forwarded-TlsVersion="1.3" X-WAWS-Unencoded-URL="/api/deployments/latest?deployer=OneDeploy&amp;time=2025-09-23_21-05-20Z" X-Client-IP="135.119.132.149" X-Client-Port="47162" >
  <step title="Cleanup Xml Logs" date="2025-09-23T21:08:00.172" >
    <step title="Cleanup Infos" date="2025-09-23T21:08:00.200" totalFiles="205" totalCleanup="45" /><!-- duration: 17ms -->
  </step><!-- duration: 47ms -->
  <step title="DeploymentService.GetResult" date="2025-09-23T21:08:00.238" >
    <step title="DeploymentService.GetLatestDeployment" date="2025-09-23T21:08:00.248" >
      <step title="DeploymentManager.GetResults" date="2025-09-23T21:08:00.250" /><!-- duration: 325ms -->
    </step><!-- duration: 341ms -->
  </step><!-- duration: 360ms -->
  <step title="Outgoing response" date="2025-09-23T21:08:00.610" type="response" statusCode="202" statusText="Accepted" /><!-- duration: 11ms -->
</step><!-- duration: 459ms -->
