<step title="BackgroundTrace" date="2025-09-23T21:31:39.103" instance="eaaec8" url="/api/publish" method="POST" >
  <step title="Cleanup Xml Logs" date="2025-09-23T21:31:39.114" >
    <step title="Cleanup Infos" date="2025-09-23T21:31:39.124" totalFiles="247" totalCleanup="87" /><!-- duration: 4ms -->
  </step><!-- duration: 17ms -->
  <step title="Creating temporary deployment - FetchDeploymentManager" date="2025-09-23T21:31:39.202" /><!-- duration: 2ms -->
  <step title="Creating temporary deployment" date="2025-09-23T21:31:39.208" /><!-- duration: 103ms -->
  <step title="Performing fetch based deployment" date="2025-09-23T21:31:39.345" >
    <step title="Cleaning up temp folders from previous zip deployments and extracting pushed zip file /tmp/zipdeploy/231a164a-2c78-4859-811c-57f9e3ef9b65.zip (89.88 MB) to /tmp/zipdeploy/extracted" date="2025-09-23T21:31:40.541" >
      <step title="ChmodRecursive Process exited with total time taken in ms: 968" date="2025-09-23T21:32:15.652" /><!-- duration: 18ms -->
    </step><!-- duration: 35166ms -->
    <step title="Deployment timer started" date="2025-09-23T21:32:17.847" >
      <step title="DeploymentManager.Deploy(id:3edbd027-c51b-4e4f-beb0-6fe9b342bf21)" date="2025-09-23T21:32:17.888" >
        <step title="Collecting changeset information" date="2025-09-23T21:32:17.917" /><!-- duration: 216ms -->
        <step title="Updating submodules" date="2025-09-23T21:32:18.148" /><!-- duration: 1236ms -->
        <step title="Determining deployment builder" date="2025-09-23T21:32:19.816" >
          <step title="Builder is OryxBuilder" date="2025-09-23T21:32:19.843" /><!-- duration: 2ms -->
        </step><!-- duration: 56ms -->
        <step title="PreDeployment: context.CleanOutputPath False" date="2025-09-23T21:32:20.015" >
          <step title="PreDeployment: context.OutputPath /home/site/wwwroot" date="2025-09-23T21:32:20.227" >
            <step title="Building" date="2025-09-23T21:32:20.499" >
              <step title="Executing external process" date="2025-09-23T21:32:21.210" type="process" path="bash" arguments="-c &quot;oryx build /tmp/zipdeploy/extracted -o /home/site/wwwroot --platform python --platform-version 3.11 -p virtualenv_name=antenv --log-file /tmp/build-debug.log  -i /tmp/8ddfae8ad0ae813 --compress-destination-dir | tee /tmp/oryx-build.log ; exit $PIPESTATUS &quot;" /><!-- duration: 157021ms -->
              <step title="Using PythonDeploymentLogParser" date="2025-09-23T21:34:58.682" /><!-- duration: 7ms -->
              <step title="Modified file to trigger a restart of the app container." date="2025-09-23T21:35:00.083" /><!-- duration: 2ms -->
              <step title="Skip function trigger and logicapp sync because function is not enabled." date="2025-09-23T21:35:00.093" /><!-- duration: 8ms -->
            </step><!-- duration: 160441ms -->
          </step><!-- duration: 160719ms -->
          <step title="Cleaning up temp files" date="2025-09-23T21:35:00.948" /><!-- duration: 7752ms -->
          <step title="Cleaning up temp files" date="2025-09-23T21:35:08.710" /><!-- duration: 544ms -->
          <step title="Reloading status file with latest updates" date="2025-09-23T21:35:09.275" >
            <step title="WebHooksManager.PublishEventAsync: PostDeployment" date="2025-09-23T21:35:09.280" /><!-- duration: 83ms -->
          </step><!-- duration: 91ms -->
          <step title="Cleaning up temporary deployment - fetch deployment was successful" date="2025-09-23T21:35:09.373" /><!-- duration: 2ms -->
        </step><!-- duration: 169399ms -->
      </step><!-- duration: 171546ms -->
