<step title="Incoming Request" date="2025-09-23T21:09:00.221" instance="eaaec8" url="/api/deployments/latest?deployer=OneDeploy&amp;time=2025-09-23_21-05-20Z" method="GET" type="request" pid="772,1,45" Host="app-zela-prod-bydye9czddhwgff2.scm.southafricanorth-01.azurewebsites.net" User-Agent="GITHUBACTIONS_DeployWebAppToAzure_b349df2cf252516c192149013447267a50b64d198cd5a05886d9cafdccf49604" Authorization="Bea..." Content-Type="application/json; charset=utf-8" Cookie="ARRAffinity=eaaec8baa01d5d22861a8f14a5883a5d77076ffd99485929fc98270ce7410f16;Path=/;HttpOnly;Secure;Domain=app-zela-prod-bydye9czddhwgff2.scm.southafricanorth-01.azurewebsites.net; ARRAffinitySameSite=eaaec8baa01d5d22861a8f14a5883a5d77076ffd99485929fc98270ce7410f16;Path=/;HttpOnly;SameSite=None;Secure;Domain=app-zela-prod-bydye9czddhwgff2.scm.southafricanorth-01.azurewebsites.net" Content-Length="0" X-ARR-LOG-ID="684b59e0-66b5-4c48-b3a9-801279aaefbe" CLIENT-IP="135.119.132.149:47160" X-SITE-DEPLOYMENT-ID="app-zela-prod" WAS-DEFAULT-HOSTNAME="app-zela-prod-bydye9czddhwgff2.scm.southafricanorth-01.azurewebsites.net" X-Forwarded-Proto="https" X-AppService-Proto="https" X-Forwarded-TlsVersion="1.3" X-WAWS-Unencoded-URL="/api/deployments/latest?deployer=OneDeploy&amp;time=2025-09-23_21-05-20Z" X-Client-IP="135.119.132.149" X-Client-Port="47160" >
  <step title="Cleanup Xml Logs" date="2025-09-23T21:09:00.230" >
    <step title="Cleanup Infos" date="2025-09-23T21:09:00.248" totalFiles="214" totalCleanup="54" /><!-- duration: 11ms -->
  </step><!-- duration: 56ms -->
  <step title="DeploymentService.GetResult" date="2025-09-23T21:09:00.297" >
    <step title="DeploymentService.GetLatestDeployment" date="2025-09-23T21:09:00.299" >
      <step title="DeploymentManager.GetResults" date="2025-09-23T21:09:00.308" /><!-- duration: 356ms -->
    </step><!-- duration: 374ms -->
  </step><!-- duration: 383ms -->
  <step title="Outgoing response" date="2025-09-23T21:09:00.683" type="response" statusCode="202" statusText="Accepted" /><!-- duration: 9ms -->
</step><!-- duration: 473ms -->
