<step title="Incoming Request" date="2025-09-23T21:59:26.704" instance="eaaec8" url="/api/deployments/latest?deployer=OneDeploy&amp;time=2025-09-23_21-57-40Z" method="GET" type="request" pid="772,1,19" Host="app-zela-prod-bydye9czddhwgff2.scm.southafricanorth-01.azurewebsites.net" User-Agent="GITHUBACTIONS_DeployWebAppToAzure_b349df2cf252516c192149013447267a50b64d198cd5a05886d9cafdccf49604" Authorization="Bea..." Content-Type="application/json; charset=utf-8" Cookie="ARRAffinity=eaaec8baa01d5d22861a8f14a5883a5d77076ffd99485929fc98270ce7410f16;Path=/;HttpOnly;Secure;Domain=app-zela-prod-bydye9czddhwgff2.scm.southafricanorth-01.azurewebsites.net; ARRAffinitySameSite=eaaec8baa01d5d22861a8f14a5883a5d77076ffd99485929fc98270ce7410f16;Path=/;HttpOnly;SameSite=None;Secure;Domain=app-zela-prod-bydye9czddhwgff2.scm.southafricanorth-01.azurewebsites.net" Content-Length="0" X-ARR-LOG-ID="9990ae13-dec7-481d-86ff-cf31f73c747f" CLIENT-IP="172.182.209.56:54338" X-SITE-DEPLOYMENT-ID="app-zela-prod" WAS-DEFAULT-HOSTNAME="app-zela-prod-bydye9czddhwgff2.scm.southafricanorth-01.azurewebsites.net" X-Forwarded-Proto="https" X-AppService-Proto="https" X-Forwarded-TlsVersion="1.3" X-WAWS-Unencoded-URL="/api/deployments/latest?deployer=OneDeploy&amp;time=2025-09-23_21-57-40Z" X-Client-IP="172.182.209.56" X-Client-Port="54338" >
  <step title="Cleanup Xml Logs" date="2025-09-23T21:59:26.712" >
    <step title="Cleanup Infos" date="2025-09-23T21:59:26.732" totalFiles="301" totalCleanup="141" /><!-- duration: 19ms -->
  </step><!-- duration: 41ms -->
  <step title="DeploymentService.GetResult" date="2025-09-23T21:59:26.770" >
    <step title="DeploymentService.GetLatestDeployment" date="2025-09-23T21:59:26.778" >
      <step title="DeploymentManager.GetResults" date="2025-09-23T21:59:26.788" /><!-- duration: 616ms -->
    </step><!-- duration: 635ms -->
  </step><!-- duration: 646ms -->
  <step title="Outgoing response" date="2025-09-23T21:59:27.435" type="response" statusCode="202" statusText="Accepted" /><!-- duration: 28ms -->
</step><!-- duration: 767ms -->
