<step title="Incoming Request" date="2025-09-23T21:32:45.765" instance="eaaec8" url="/api/deployments/latest?deployer=OneDeploy&amp;time=2025-09-23_21-31-39Z" method="GET" type="request" pid="772,1,7" Host="app-zela-prod-bydye9czddhwgff2.scm.southafricanorth-01.azurewebsites.net" User-Agent="GITHUBACTIONS_DeployWebAppToAzure_b349df2cf252516c192149013447267a50b64d198cd5a05886d9cafdccf49604" Authorization="Bea..." Content-Type="application/json; charset=utf-8" Cookie="ARRAffinity=eaaec8baa01d5d22861a8f14a5883a5d77076ffd99485929fc98270ce7410f16;Path=/;HttpOnly;Secure;Domain=app-zela-prod-bydye9czddhwgff2.scm.southafricanorth-01.azurewebsites.net; ARRAffinitySameSite=eaaec8baa01d5d22861a8f14a5883a5d77076ffd99485929fc98270ce7410f16;Path=/;HttpOnly;SameSite=None;Secure;Domain=app-zela-prod-bydye9czddhwgff2.scm.southafricanorth-01.azurewebsites.net" Content-Length="0" X-ARR-LOG-ID="b8b04434-13ea-4389-a676-6aeafd7c223a" CLIENT-IP="20.98.18.68:3122" X-SITE-DEPLOYMENT-ID="app-zela-prod" WAS-DEFAULT-HOSTNAME="app-zela-prod-bydye9czddhwgff2.scm.southafricanorth-01.azurewebsites.net" X-Forwarded-Proto="https" X-AppService-Proto="https" X-Forwarded-TlsVersion="1.3" X-WAWS-Unencoded-URL="/api/deployments/latest?deployer=OneDeploy&amp;time=2025-09-23_21-31-39Z" X-Client-IP="20.98.18.68" X-Client-Port="3122" >
  <step title="Cleanup Xml Logs" date="2025-09-23T21:32:45.773" >
    <step title="Cleanup Infos" date="2025-09-23T21:32:45.802" totalFiles="257" totalCleanup="97" /><!-- duration: 13ms -->
  </step><!-- duration: 60ms -->
  <step title="DeploymentService.GetResult" date="2025-09-23T21:32:45.861" >
    <step title="DeploymentService.GetLatestDeployment" date="2025-09-23T21:32:45.863" >
      <step title="DeploymentManager.GetResults" date="2025-09-23T21:32:45.893" /><!-- duration: 595ms -->
    </step><!-- duration: 633ms -->
  </step><!-- duration: 645ms -->
  <step title="Outgoing response" date="2025-09-23T21:32:46.516" type="response" statusCode="202" statusText="Accepted" /><!-- duration: 9ms -->
</step><!-- duration: 762ms -->
