<step title="Incoming Request" date="2025-09-23T22:00:01.804" instance="eaaec8" url="/api/deployments/latest?deployer=OneDeploy&amp;time=2025-09-23_21-57-40Z" method="GET" type="request" pid="772,1,15" Host="app-zela-prod-bydye9czddhwgff2.scm.southafricanorth-01.azurewebsites.net" User-Agent="GITHUBACTIONS_DeployWebAppToAzure_b349df2cf252516c192149013447267a50b64d198cd5a05886d9cafdccf49604" Authorization="Bea..." Content-Type="application/json; charset=utf-8" Cookie="ARRAffinity=eaaec8baa01d5d22861a8f14a5883a5d77076ffd99485929fc98270ce7410f16;Path=/;HttpOnly;Secure;Domain=app-zela-prod-bydye9czddhwgff2.scm.southafricanorth-01.azurewebsites.net; ARRAffinitySameSite=eaaec8baa01d5d22861a8f14a5883a5d77076ffd99485929fc98270ce7410f16;Path=/;HttpOnly;SameSite=None;Secure;Domain=app-zela-prod-bydye9czddhwgff2.scm.southafricanorth-01.azurewebsites.net" Content-Length="0" X-ARR-LOG-ID="c3cb0c9a-415e-4d6e-9779-61860b350773" CLIENT-IP="172.182.209.56:54336" X-SITE-DEPLOYMENT-ID="app-zela-prod" WAS-DEFAULT-HOSTNAME="app-zela-prod-bydye9czddhwgff2.scm.southafricanorth-01.azurewebsites.net" X-Forwarded-Proto="https" X-AppService-Proto="https" X-Forwarded-TlsVersion="1.3" X-WAWS-Unencoded-URL="/api/deployments/latest?deployer=OneDeploy&amp;time=2025-09-23_21-57-40Z" X-Client-IP="172.182.209.56" X-Client-Port="54336" >
  <step title="Cleanup Xml Logs" date="2025-09-23T22:00:01.815" >
    <step title="Cleanup Infos" date="2025-09-23T22:00:01.835" totalFiles="306" totalCleanup="146" /><!-- duration: 20ms -->
  </step><!-- duration: 59ms -->
  <step title="DeploymentService.GetResult" date="2025-09-23T22:00:01.959" >
    <step title="DeploymentService.GetLatestDeployment" date="2025-09-23T22:00:01.962" >
      <step title="DeploymentManager.GetResults" date="2025-09-23T22:00:01.990" /><!-- duration: 991ms -->
    </step><!-- duration: 1088ms -->
  </step><!-- duration: 1111ms -->
  <step title="Outgoing response" date="2025-09-23T22:00:03.095" type="response" statusCode="202" statusText="Accepted" /><!-- duration: 9ms -->
</step><!-- duration: 1309ms -->
