<step title="BackgroundTrace" date="2025-09-23T20:01:15.568" instance="eaaec8" url="/api/publish" method="POST" >
  <step title="Cleanup Xml Logs" date="2025-09-23T20:01:15.570" /><!-- duration: 10ms -->
  <step title="Creating temporary deployment - FetchDeploymentManager" date="2025-09-23T20:01:15.872" /><!-- duration: 3ms -->
  <step title="Creating temporary deployment" date="2025-09-23T20:01:16.007" /><!-- duration: 223ms -->
  <step title="Performing fetch based deployment" date="2025-09-23T20:01:16.507" >
    <step title="Cleaning up temp folders from previous zip deployments and extracting pushed zip file /tmp/zipdeploy/482877a1-91b7-44c5-9fd5-a24458b52085.zip (89.88 MB) to /tmp/zipdeploy/extracted" date="2025-09-23T20:01:17.849" >
      <step title="ChmodRecursive Process exited with total time taken in ms: 39" date="2025-09-23T20:01:52.018" /><!-- duration: 9ms -->
    </step><!-- duration: 34181ms -->
    <step title="Deployment timer started" date="2025-09-23T20:01:54.062" >
      <step title="DeploymentManager.Deploy(id:cff020c4-08b5-4251-9eae-78f4f2d77d98)" date="2025-09-23T20:01:54.080" >
        <step title="Collecting changeset information" date="2025-09-23T20:01:54.095" /><!-- duration: 384ms -->
        <step title="Updating submodules" date="2025-09-23T20:01:54.485" /><!-- duration: 1118ms -->
        <step title="Determining deployment builder" date="2025-09-23T20:01:55.876" >
          <step title="Builder is OryxBuilder" date="2025-09-23T20:01:55.967" /><!-- duration: 3ms -->
        </step><!-- duration: 98ms -->
        <step title="PreDeployment: context.CleanOutputPath False" date="2025-09-23T20:01:56.048" >
          <step title="PreDeployment: context.OutputPath /home/site/wwwroot" date="2025-09-23T20:01:56.235" >
            <step title="Building" date="2025-09-23T20:01:56.406" >
              <step title="Executing external process" date="2025-09-23T20:01:56.811" type="process" path="bash" arguments="-c &quot;oryx build /tmp/zipdeploy/extracted -o /home/site/wwwroot --platform python --platform-version 3.11 -p virtualenv_name=antenv --log-file /tmp/build-debug.log  -i /tmp/8ddfadc0c2206b6 --compress-destination-dir | tee /tmp/oryx-build.log ; exit $PIPESTATUS &quot;" /><!-- duration: 212154ms -->
              <step title="Using PythonDeploymentLogParser" date="2025-09-23T20:05:29.516" /><!-- duration: 11ms -->
              <step title="Modified file to trigger a restart of the app container." date="2025-09-23T20:05:30.812" /><!-- duration: 4ms -->
              <step title="Skip function trigger and logicapp sync because function is not enabled." date="2025-09-23T20:05:30.829" /><!-- duration: 27ms -->
              <step title="Purge deployment items" date="2025-09-23T20:05:31.582" >
                <step title="Remove 6bf01973-, Failed, received at 09/23/2025 19:54:00" date="2025-09-23T20:05:31.642" /><!-- duration: 2ms -->
                <step title="Remove temp-e2d5, Failed, received at 09/23/2025 19:53:18" date="2025-09-23T20:05:31.697" /><!-- duration: 2ms -->
                <step title="Remove 6dfd3b8a-, Failed, received at 09/23/2025 19:43:35" date="2025-09-23T20:05:31.755" /><!-- duration: 2ms -->
              </step><!-- duration: 179ms -->
            </step><!-- duration: 215417ms -->
          </step><!-- duration: 215592ms -->
          <step title="Cleaning up temp files" date="2025-09-23T20:05:31.829" /><!-- duration: 5793ms -->
          <step title="Cleaning up temp files" date="2025-09-23T20:05:37.629" /><!-- duration: 506ms -->
          <step title="Reloading status file with latest updates" date="2025-09-23T20:05:38.157" >
            <step title="WebHooksManager.PublishEventAsync: PostDeployment" date="2025-09-23T20:05:38.162" /><!-- duration: 151ms -->
          </step><!-- duration: 159ms -->
          <step title="Cleaning up temporary deployment - fetch deployment was successful" date="2025-09-23T20:05:38.320" /><!-- duration: 3ms -->
        </step><!-- duration: 222317ms -->
      </step><!-- duration: 224298ms -->
