<step title="Incoming Request" date="2025-09-24T09:47:16.171" instance="eaaec8" url="/api/deployments/latest?deployer=OneDeploy&amp;time=2025-09-24_09-46-13Z" method="GET" type="request" pid="772,1,62" Host="app-zela-prod-bydye9czddhwgff2.scm.southafricanorth-01.azurewebsites.net" User-Agent="GITHUBACTIONS_DeployWebAppToAzure_b349df2cf252516c192149013447267a50b64d198cd5a05886d9cafdccf49604" Authorization="Bea..." Content-Type="application/json; charset=utf-8" Cookie="ARRAffinity=eaaec8baa01d5d22861a8f14a5883a5d77076ffd99485929fc98270ce7410f16;Path=/;HttpOnly;Secure;Domain=app-zela-prod-bydye9czddhwgff2.scm.southafricanorth-01.azurewebsites.net; ARRAffinitySameSite=eaaec8baa01d5d22861a8f14a5883a5d77076ffd99485929fc98270ce7410f16;Path=/;HttpOnly;SameSite=None;Secure;Domain=app-zela-prod-bydye9czddhwgff2.scm.southafricanorth-01.azurewebsites.net" Content-Length="0" X-ARR-LOG-ID="5b4352e4-1ddf-4745-945a-318e100b1818" CLIENT-IP="4.246.135.3:49176" X-SITE-DEPLOYMENT-ID="app-zela-prod" WAS-DEFAULT-HOSTNAME="app-zela-prod-bydye9czddhwgff2.scm.southafricanorth-01.azurewebsites.net" X-Forwarded-Proto="https" X-AppService-Proto="https" X-Forwarded-TlsVersion="1.3" X-WAWS-Unencoded-URL="/api/deployments/latest?deployer=OneDeploy&amp;time=2025-09-24_09-46-13Z" X-Client-IP="4.246.135.3" X-Client-Port="49176" >
  <step title="Cleanup Xml Logs" date="2025-09-24T09:47:16.190" >
    <step title="Cleanup Infos" date="2025-09-24T09:47:16.246" totalFiles="324" totalCleanup="164" /><!-- duration: 11ms -->
  </step><!-- duration: 93ms -->
  <step title="DeploymentService.GetResult" date="2025-09-24T09:47:16.303" >
    <step title="DeploymentService.GetLatestDeployment" date="2025-09-24T09:47:16.311" >
      <step title="DeploymentManager.GetResults" date="2025-09-24T09:47:16.342" /><!-- duration: 925ms -->
    </step><!-- duration: 965ms -->
  </step><!-- duration: 981ms -->
  <step title="Outgoing response" date="2025-09-24T09:47:17.295" type="response" statusCode="202" statusText="Accepted" /><!-- duration: 8ms -->
</step><!-- duration: 1142ms -->
