<step title="Incoming Request" date="2025-09-24T09:47:01.384" instance="eaaec8" url="/api/deployments/latest?deployer=OneDeploy&amp;time=2025-09-24_09-46-13Z" method="GET" type="request" pid="772,1,62" Host="app-zela-prod-bydye9czddhwgff2.scm.southafricanorth-01.azurewebsites.net" User-Agent="GITHUBACTIONS_DeployWebAppToAzure_b349df2cf252516c192149013447267a50b64d198cd5a05886d9cafdccf49604" Authorization="Bea..." Content-Type="application/json; charset=utf-8" Cookie="ARRAffinity=eaaec8baa01d5d22861a8f14a5883a5d77076ffd99485929fc98270ce7410f16;Path=/;HttpOnly;Secure;Domain=app-zela-prod-bydye9czddhwgff2.scm.southafricanorth-01.azurewebsites.net; ARRAffinitySameSite=eaaec8baa01d5d22861a8f14a5883a5d77076ffd99485929fc98270ce7410f16;Path=/;HttpOnly;SameSite=None;Secure;Domain=app-zela-prod-bydye9czddhwgff2.scm.southafricanorth-01.azurewebsites.net" Content-Length="0" X-ARR-LOG-ID="c5b3ef6c-6da8-449b-9bf9-9f97ecce08e9" CLIENT-IP="4.246.135.3:49176" X-SITE-DEPLOYMENT-ID="app-zela-prod" WAS-DEFAULT-HOSTNAME="app-zela-prod-bydye9czddhwgff2.scm.southafricanorth-01.azurewebsites.net" X-Forwarded-Proto="https" X-AppService-Proto="https" X-Forwarded-TlsVersion="1.3" X-WAWS-Unencoded-URL="/api/deployments/latest?deployer=OneDeploy&amp;time=2025-09-24_09-46-13Z" X-Client-IP="4.246.135.3" X-Client-Port="49176" >
  <step title="Cleanup Xml Logs" date="2025-09-24T09:47:01.387" >
    <step title="Cleanup Infos" date="2025-09-24T09:47:01.430" totalFiles="322" totalCleanup="162" /><!-- duration: 11ms -->
  </step><!-- duration: 65ms -->
  <step title="DeploymentService.GetResult" date="2025-09-24T09:47:01.481" >
    <step title="DeploymentService.GetLatestDeployment" date="2025-09-24T09:47:01.499" >
      <step title="DeploymentManager.GetResults" date="2025-09-24T09:47:01.502" /><!-- duration: 1482ms -->
    </step><!-- duration: 1512ms -->
  </step><!-- duration: 1539ms -->
  <step title="Outgoing response" date="2025-09-24T09:47:03.031" type="response" statusCode="202" statusText="Accepted" /><!-- duration: 40ms -->
</step><!-- duration: 1723ms -->
