<step title="Incoming Request" date="2025-09-24T09:48:19.559" instance="eaaec8" url="/api/deployments/latest?deployer=OneDeploy&amp;time=2025-09-24_09-46-13Z" method="GET" type="request" pid="772,1,66" Host="app-zela-prod-bydye9czddhwgff2.scm.southafricanorth-01.azurewebsites.net" User-Agent="GITHUBACTIONS_DeployWebAppToAzure_b349df2cf252516c192149013447267a50b64d198cd5a05886d9cafdccf49604" Authorization="Bea..." Content-Type="application/json; charset=utf-8" Cookie="ARRAffinity=eaaec8baa01d5d22861a8f14a5883a5d77076ffd99485929fc98270ce7410f16;Path=/;HttpOnly;Secure;Domain=app-zela-prod-bydye9czddhwgff2.scm.southafricanorth-01.azurewebsites.net; ARRAffinitySameSite=eaaec8baa01d5d22861a8f14a5883a5d77076ffd99485929fc98270ce7410f16;Path=/;HttpOnly;SameSite=None;Secure;Domain=app-zela-prod-bydye9czddhwgff2.scm.southafricanorth-01.azurewebsites.net" Content-Length="0" X-ARR-LOG-ID="cb4d8c30-0382-42dd-a747-2f165d40b365" CLIENT-IP="4.246.135.3:49178" X-SITE-DEPLOYMENT-ID="app-zela-prod" WAS-DEFAULT-HOSTNAME="app-zela-prod-bydye9czddhwgff2.scm.southafricanorth-01.azurewebsites.net" X-Forwarded-Proto="https" X-AppService-Proto="https" X-Forwarded-TlsVersion="1.3" X-WAWS-Unencoded-URL="/api/deployments/latest?deployer=OneDeploy&amp;time=2025-09-24_09-46-13Z" X-Client-IP="4.246.135.3" X-Client-Port="49178" >
  <step title="Cleanup Xml Logs" date="2025-09-24T09:48:19.573" >
    <step title="Cleanup Infos" date="2025-09-24T09:48:19.592" totalFiles="333" totalCleanup="173" /><!-- duration: 6ms -->
  </step><!-- duration: 28ms -->
  <step title="DeploymentService.GetResult" date="2025-09-24T09:48:19.609" >
    <step title="DeploymentService.GetLatestDeployment" date="2025-09-24T09:48:19.620" >
      <step title="DeploymentManager.GetResults" date="2025-09-24T09:48:19.638" /><!-- duration: 547ms -->
    </step><!-- duration: 574ms -->
  </step><!-- duration: 602ms -->
  <step title="Outgoing response" date="2025-09-24T09:48:20.221" type="response" statusCode="202" statusText="Accepted" /><!-- duration: 12ms -->
</step><!-- duration: 682ms -->
