﻿<?xml version="1.0" encoding="utf-8"?>
<deployment>
  <id>3edbd027-c51b-4e4f-beb0-6fe9b342bf21</id>
  <author>N/A</author>
  <deployer>OneDeploy</deployer>
  <authorEmail>N/A</authorEmail>
  <message>OneDeploy</message>
  <progress></progress>
  <status>Success</status>
  <statusText></statusText>
  <lastSuccessEndTime>2025-09-23T21:35:00.4871052Z</lastSuccessEndTime>
  <receivedTime>2025-09-23T21:32:18.0157475Z</receivedTime>
  <startTime>2025-09-23T21:32:19.7019327Z</startTime>
  <endTime>2025-09-23T21:35:00.4871052Z</endTime>
  <complete>True</complete>
  <is_temp>False</is_temp>
  <is_readonly>True</is_readonly>
  <buildSummary />
</deployment>